=== ygopro-battleground-RB debug log (startup) ===
7911
[DEBUG] set_active_field: 0->0 new game_field=0000000000D70290 temp_card=0000000000EA32B0
[DEBUG] set_active_field: 0->1 new game_field=0000000000D5F250 temp_card=0000000000E06010
[DEBUG] set_active_field: 1->2 new game_field=0000000000E0A610 temp_card=0000000000E0C9C0
[DEBUG] set_active_field: 2->3 new game_field=0000000000E0CFB0 temp_card=0000000000E154F0
[DEBUG] set_active_field: 3->0 new game_field=0000000000D70290 temp_card=0000000000EA32B0
[DEBUG] TPDuel::Process: before Process() field 0
[DEBUG] field::process() type=6 step=0 units=2
[DEBUG] before get_message engLen=4
[DEBUG] after get_message, msgType=0xc8, before Analyze
[DEBUG] Analyze: engType=200
[DEBUG] after Analyze, stop=0
[DEBUG] field::process() type=3 step=0 units=1
[DEBUG] before get_message engLen=2
[DEBUG] after get_message, msgType=0x28, before Analyze
[DEBUG] Analyze: engType=40
[DEBUG] after Analyze, stop=0
[DEBUG] field::process() type=1 step=0 units=2
[DEBUG] field::process() type=1 step=1 units=2
[DEBUG] field::process() type=1 step=2 units=2
[DEBUG] field::process() type=5 step=0 units=3
[DEBUG] field::process() type=5 step=1 units=3
[DEBUG] field::process() type=5 step=3 units=3
[DEBUG] field::process() type=5 step=5 units=3
[DEBUG] field::process() type=5 step=7 units=3
[DEBUG] field::process() type=1 step=3 units=2
[DEBUG] field::process() type=1 step=4 units=2
[DEBUG] field::process() type=1 step=5 units=2
[DEBUG] field::process() type=1 step=8 units=2
[DEBUG] field::process() type=1 step=9 units=2
[DEBUG] field::process() type=1 step=10 units=2
[DEBUG] field::process() type=1 step=11 units=2
[DEBUG] field::process() type=1 step=12 units=2
[DEBUG] field::process() type=1 step=13 units=2
[DEBUG] field::process() type=1 step=14 units=2
[DEBUG] field::process() type=1 step=15 units=2
[DEBUG] field::process() type=1 step=16 units=2
[DEBUG] field::process() type=3 step=1 units=1
[DEBUG] before get_message engLen=10
[DEBUG] after get_message, msgType=0x29, before Analyze
[DEBUG] Analyze: engType=41
[DEBUG] Analyze: engType=2
[DEBUG] after Analyze, stop=0
[DEBUG] field::process() type=3 step=2 units=1
[DEBUG] before get_message engLen=7
[DEBUG] after get_message, msgType=0x39, before Analyze
[DEBUG] Analyze: engType=57
[DEBUG] after Analyze, stop=0
[DEBUG] field::process() type=70 step=0 units=3
[DEBUG] before get_message engLen=27
[DEBUG] after get_message, msgType=0x5a, before Analyze
[DEBUG] Analyze: engType=90
[DEBUG] MSG_DRAW: engine_player=0 active_field=0 IsBattleField=0
[DEBUG] after Analyze, stop=0
[DEBUG] field::process() type=70 step=1 units=3
[DEBUG] field::process() type=33 step=0 units=2
[DEBUG] field::process() type=33 step=2 units=2
[DEBUG] field::process() type=33 step=0 units=2
[DEBUG] field::process() type=33 step=2 units=2
[DEBUG] field::process() type=33 step=20 units=2
[DEBUG] field::process() type=33 step=25 units=2
[DEBUG] field::process() type=1 step=0 units=3
[DEBUG] field::process() type=1 step=1 units=3
[DEBUG] field::process() type=1 step=2 units=3
[DEBUG] field::process() type=5 step=0 units=4
[DEBUG] field::process() type=5 step=1 units=4
[DEBUG] field::process() type=5 step=3 units=4
[DEBUG] field::process() type=5 step=5 units=4
[DEBUG] field::process() type=5 step=7 units=4
[DEBUG] field::process() type=1 step=3 units=3
[DEBUG] field::process() type=1 step=4 units=3
[DEBUG] field::process() type=1 step=5 units=3
[DEBUG] field::process() type=1 step=8 units=3
[DEBUG] field::process() type=1 step=9 units=3
[DEBUG] field::process() type=1 step=10 units=3
[DEBUG] field::process() type=1 step=11 units=3
[DEBUG] field::process() type=1 step=12 units=3
[DEBUG] field::process() type=1 step=13 units=3
[DEBUG] field::process() type=1 step=14 units=3
[DEBUG] field::process() type=1 step=15 units=3
[DEBUG] field::process() type=1 step=16 units=3
[DEBUG] field::process() type=33 step=26 units=2
[DEBUG] field::process() type=3 step=3 units=1
[DEBUG] field::process() type=3 step=4 units=1
[DEBUG] before get_message engLen=3
[DEBUG] after get_message, msgType=0x29, before Analyze
[DEBUG] Analyze: engType=41
[DEBUG] after Analyze, stop=0
[DEBUG] field::process() type=3 step=5 units=1
[DEBUG] field::process() type=33 step=0 units=2
[DEBUG] field::process() type=33 step=2 units=2
[DEBUG] field::process() type=33 step=0 units=2
[DEBUG] field::process() type=33 step=2 units=2
[DEBUG] field::process() type=33 step=20 units=2
[DEBUG] field::process() type=33 step=25 units=2
[DEBUG] field::process() type=1 step=0 units=3
[DEBUG] field::process() type=1 step=1 units=3
[DEBUG] field::process() type=1 step=2 units=3
[DEBUG] field::process() type=5 step=0 units=4
[DEBUG] field::process() type=5 step=1 units=4
[DEBUG] field::process() type=5 step=3 units=4
[DEBUG] field::process() type=5 step=5 units=4
[DEBUG] field::process() type=5 step=7 units=4
[DEBUG] field::process() type=1 step=3 units=3
[DEBUG] field::process() type=1 step=4 units=3
[DEBUG] field::process() type=1 step=5 units=3
[DEBUG] field::process() type=1 step=8 units=3
[DEBUG] field::process() type=1 step=9 units=3
[DEBUG] field::process() type=1 step=10 units=3
[DEBUG] field::process() type=1 step=11 units=3
[DEBUG] field::process() type=1 step=12 units=3
[DEBUG] field::process() type=1 step=13 units=3
[DEBUG] field::process() type=1 step=14 units=3
[DEBUG] field::process() type=1 step=15 units=3
[DEBUG] field::process() type=1 step=16 units=3
[DEBUG] field::process() type=33 step=26 units=2
[DEBUG] field::process() type=3 step=6 units=1
[DEBUG] field::process() type=1 step=0 units=2
[DEBUG] field::process() type=1 step=1 units=2
[DEBUG] field::process() type=1 step=2 units=2
[DEBUG] field::process() type=5 step=0 units=3
[DEBUG] field::process() type=5 step=1 units=3
[DEBUG] field::process() type=5 step=3 units=3
[DEBUG] field::process() type=5 step=5 units=3
[DEBUG] field::process() type=5 step=7 units=3
[DEBUG] field::process() type=1 step=3 units=2
[DEBUG] field::process() type=1 step=4 units=2
[DEBUG] field::process() type=1 step=5 units=2
[DEBUG] field::process() type=1 step=8 units=2
[DEBUG] field::process() type=1 step=9 units=2
[DEBUG] field::process() type=1 step=10 units=2
[DEBUG] field::process() type=1 step=11 units=2
[DEBUG] field::process() type=1 step=12 units=2
[DEBUG] field::process() type=1 step=13 units=2
[DEBUG] field::process() type=1 step=14 units=2
[DEBUG] field::process() type=1 step=15 units=2
[DEBUG] field::process() type=1 step=16 units=2
[DEBUG] field::process() type=3 step=7 units=1
[DEBUG] before get_message engLen=3
[DEBUG] after get_message, msgType=0x29, before Analyze
[DEBUG] Analyze: engType=41
[DEBUG] after Analyze, stop=0
[DEBUG] field::process() type=32 step=0 units=2
[DEBUG] field::process() type=10 step=0 units=3
[DEBUG] before get_message engLen=89
[DEBUG] after get_message, msgType=0xb, before Analyze
[DEBUG] Analyze: engType=11
[DEBUG] WaitforResponse: playerid=0 active_field=0
[DEBUG] WaitforResponseAfterRewrite: playerid=0 active_field=0
[DEBUG] after Analyze, stop=1
[DEBUG] set_active_field: 0->1 new game_field=0000000000D5F250 temp_card=0000000000E06010
[DEBUG] TPDuel::Process: before Process() field 1
[DEBUG] field::process() type=6 step=0 units=2
[DEBUG] before get_message engLen=4
[DEBUG] after get_message, msgType=0xc8, before Analyze
[DEBUG] Analyze: engType=200
[DEBUG] after Analyze, stop=0
[DEBUG] field::process() type=3 step=0 units=1
[DEBUG] before get_message engLen=2
[DEBUG] after get_message, msgType=0x28, before Analyze
[DEBUG] Analyze: engType=40
[DEBUG] after Analyze, stop=0
[DEBUG] field::process() type=1 step=0 units=2
[DEBUG] field::process() type=1 step=1 units=2
[DEBUG] field::process() type=1 step=2 units=2
[DEBUG] field::process() type=5 step=0 units=3
[DEBUG] field::process() type=5 step=1 units=3
[DEBUG] field::process() type=5 step=3 units=3
[DEBUG] field::process() type=5 step=5 units=3
[DEBUG] field::process() type=5 step=7 units=3
[DEBUG] field::process() type=1 step=3 units=2
[DEBUG] field::process() type=1 step=4 units=2
[DEBUG] field::process() type=1 step=5 units=2
[DEBUG] field::process() type=1 step=8 units=2
[DEBUG] field::process() type=1 step=9 units=2
[DEBUG] field::process() type=1 step=10 units=2
[DEBUG] field::process() type=1 step=11 units=2
[DEBUG] field::process() type=1 step=12 units=2
[DEBUG] field::process() type=1 step=13 units=2
[DEBUG] field::process() type=1 step=14 units=2
[DEBUG] field::process() type=1 step=15 units=2
[DEBUG] field::process() type=1 step=16 units=2
[DEBUG] field::process() type=3 step=1 units=1
[DEBUG] before get_message engLen=10
[DEBUG] after get_message, msgType=0x29, before Analyze
[DEBUG] Analyze: engType=41
[DEBUG] Analyze: engType=2
[DEBUG] after Analyze, stop=0
[DEBUG] field::process() type=3 step=2 units=1
[DEBUG] before get_message engLen=7
[DEBUG] after get_message, msgType=0x39, before Analyze
[DEBUG] Analyze: engType=57
[DEBUG] after Analyze, stop=0
[DEBUG] field::process() type=70 step=0 units=3
[DEBUG] before get_message engLen=27
[DEBUG] after get_message, msgType=0x5a, before Analyze
[DEBUG] Analyze: engType=90
[DEBUG] MSG_DRAW: engine_player=0 active_field=1 IsBattleField=0
[DEBUG] after Analyze, stop=0
[DEBUG] field::process() type=70 step=1 units=3
[DEBUG] field::process() type=33 step=0 units=2
[DEBUG] field::process() type=33 step=2 units=2
[DEBUG] field::process() type=33 step=0 units=2
[DEBUG] field::process() type=33 step=2 units=2
[DEBUG] field::process() type=33 step=20 units=2
[DEBUG] field::process() type=33 step=25 units=2
[DEBUG] field::process() type=1 step=0 units=3
[DEBUG] field::process() type=1 step=1 units=3
[DEBUG] field::process() type=1 step=2 units=3
[DEBUG] field::process() type=5 step=0 units=4
[DEBUG] field::process() type=5 step=1 units=4
[DEBUG] field::process() type=5 step=3 units=4
[DEBUG] field::process() type=5 step=5 units=4
[DEBUG] field::process() type=5 step=7 units=4
[DEBUG] field::process() type=1 step=3 units=3
[DEBUG] field::process() type=1 step=4 units=3
[DEBUG] field::process() type=1 step=5 units=3
[DEBUG] field::process() type=1 step=8 units=3
[DEBUG] field::process() type=1 step=9 units=3
[DEBUG] field::process() type=1 step=10 units=3
[DEBUG] field::process() type=1 step=11 units=3
[DEBUG] field::process() type=1 step=12 units=3
[DEBUG] field::process() type=1 step=13 units=3
[DEBUG] field::process() type=1 step=14 units=3
[DEBUG] field::process() type=1 step=15 units=3
[DEBUG] field::process() type=1 step=16 units=3
[DEBUG] field::process() type=33 step=26 units=2
[DEBUG] field::process() type=3 step=3 units=1
[DEBUG] field::process() type=3 step=4 units=1
[DEBUG] before get_message engLen=3
[DEBUG] after get_message, msgType=0x29, before Analyze
[DEBUG] Analyze: engType=41
[DEBUG] after Analyze, stop=0
[DEBUG] field::process() type=3 step=5 units=1
[DEBUG] field::process() type=33 step=0 units=2
[DEBUG] field::process() type=33 step=2 units=2
[DEBUG] field::process() type=33 step=0 units=2
[DEBUG] field::process() type=33 step=2 units=2
[DEBUG] field::process() type=33 step=20 units=2
[DEBUG] field::process() type=33 step=25 units=2
[DEBUG] field::process() type=1 step=0 units=3
[DEBUG] field::process() type=1 step=1 units=3
[DEBUG] field::process() type=1 step=2 units=3
[DEBUG] field::process() type=5 step=0 units=4
[DEBUG] field::process() type=5 step=1 units=4
[DEBUG] field::process() type=5 step=3 units=4
[DEBUG] field::process() type=5 step=5 units=4
[DEBUG] field::process() type=5 step=7 units=4
[DEBUG] field::process() type=1 step=3 units=3
[DEBUG] field::process() type=1 step=4 units=3
[DEBUG] field::process() type=1 step=5 units=3
[DEBUG] field::process() type=1 step=8 units=3
[DEBUG] field::process() type=1 step=9 units=3
[DEBUG] field::process() type=1 step=10 units=3
[DEBUG] field::process() type=1 step=11 units=3
[DEBUG] field::process() type=1 step=12 units=3
[DEBUG] field::process() type=1 step=13 units=3
[DEBUG] field::process() type=1 step=14 units=3
[DEBUG] field::process() type=1 step=15 units=3
[DEBUG] field::process() type=1 step=16 units=3
[DEBUG] field::process() type=33 step=26 units=2
[DEBUG] field::process() type=3 step=6 units=1
[DEBUG] field::process() type=1 step=0 units=2
[DEBUG] field::process() type=1 step=1 units=2
[DEBUG] field::process() type=1 step=2 units=2
[DEBUG] field::process() type=5 step=0 units=3
[DEBUG] field::process() type=5 step=1 units=3
[DEBUG] field::process() type=5 step=3 units=3
[DEBUG] field::process() type=5 step=5 units=3
[DEBUG] field::process() type=5 step=7 units=3
[DEBUG] field::process() type=1 step=3 units=2
[DEBUG] field::process() type=1 step=4 units=2
[DEBUG] field::process() type=1 step=5 units=2
[DEBUG] field::process() type=1 step=8 units=2
[DEBUG] field::process() type=1 step=9 units=2
[DEBUG] field::process() type=1 step=10 units=2
[DEBUG] field::process() type=1 step=11 units=2
[DEBUG] field::process() type=1 step=12 units=2
[DEBUG] field::process() type=1 step=13 units=2
[DEBUG] field::process() type=1 step=14 units=2
[DEBUG] field::process() type=1 step=15 units=2
[DEBUG] field::process() type=1 step=16 units=2
[DEBUG] field::process() type=3 step=7 units=1
[DEBUG] before get_message engLen=3
[DEBUG] after get_message, msgType=0x29, before Analyze
[DEBUG] Analyze: engType=41
[DEBUG] after Analyze, stop=0
[DEBUG] field::process() type=32 step=0 units=2
[DEBUG] field::process() type=10 step=0 units=3
[DEBUG] before get_message engLen=89
[DEBUG] after get_message, msgType=0xb, before Analyze
[DEBUG] Analyze: engType=11
[DEBUG] WaitforResponse: playerid=0 active_field=1
[DEBUG] WaitforResponseAfterRewrite: playerid=0 active_field=1
[DEBUG] after Analyze, stop=1
[DEBUG] set_active_field: 1->2 new game_field=0000000000E0A610 temp_card=0000000000E0C9C0
[DEBUG] TPDuel::Process: before Process() field 2
[DEBUG] field::process() type=6 step=0 units=2
[DEBUG] before get_message engLen=4
[DEBUG] after get_message, msgType=0xc8, before Analyze
[DEBUG] Analyze: engType=200
[DEBUG] after Analyze, stop=0
[DEBUG] field::process() type=3 step=0 units=1
[DEBUG] before get_message engLen=2
[DEBUG] after get_message, msgType=0x28, before Analyze
[DEBUG] Analyze: engType=40
[DEBUG] after Analyze, stop=0
[DEBUG] field::process() type=1 step=0 units=2
[DEBUG] field::process() type=1 step=1 units=2
[DEBUG] field::process() type=1 step=2 units=2
[DEBUG] field::process() type=5 step=0 units=3
[DEBUG] field::process() type=5 step=1 units=3
[DEBUG] field::process() type=5 step=3 units=3
[DEBUG] field::process() type=5 step=5 units=3
[DEBUG] field::process() type=5 step=7 units=3
[DEBUG] field::process() type=1 step=3 units=2
[DEBUG] field::process() type=1 step=4 units=2
[DEBUG] field::process() type=1 step=5 units=2
[DEBUG] field::process() type=1 step=8 units=2
[DEBUG] field::process() type=1 step=9 units=2
[DEBUG] field::process() type=1 step=10 units=2
[DEBUG] field::process() type=1 step=11 units=2
[DEBUG] field::process() type=1 step=12 units=2
[DEBUG] field::process() type=1 step=13 units=2
[DEBUG] field::process() type=1 step=14 units=2
[DEBUG] field::process() type=1 step=15 units=2
[DEBUG] field::process() type=1 step=16 units=2
[DEBUG] field::process() type=3 step=1 units=1
[DEBUG] before get_message engLen=10
[DEBUG] after get_message, msgType=0x29, before Analyze
[DEBUG] Analyze: engType=41
[DEBUG] Analyze: engType=2
[DEBUG] after Analyze, stop=0
[DEBUG] field::process() type=3 step=2 units=1
[DEBUG] before get_message engLen=7
[DEBUG] after get_message, msgType=0x39, before Analyze
[DEBUG] Analyze: engType=57
[DEBUG] after Analyze, stop=0
[DEBUG] field::process() type=70 step=0 units=3
[DEBUG] before get_message engLen=27
[DEBUG] after get_message, msgType=0x5a, before Analyze
[DEBUG] Analyze: engType=90
[DEBUG] MSG_DRAW: engine_player=0 active_field=2 IsBattleField=0
[DEBUG] after Analyze, stop=0
[DEBUG] field::process() type=70 step=1 units=3
[DEBUG] field::process() type=33 step=0 units=2
[DEBUG] field::process() type=33 step=2 units=2
[DEBUG] field::process() type=33 step=0 units=2
[DEBUG] field::process() type=33 step=2 units=2
[DEBUG] field::process() type=33 step=20 units=2
[DEBUG] field::process() type=33 step=25 units=2
[DEBUG] field::process() type=1 step=0 units=3
[DEBUG] field::process() type=1 step=1 units=3
[DEBUG] field::process() type=1 step=2 units=3
[DEBUG] field::process() type=5 step=0 units=4
[DEBUG] field::process() type=5 step=1 units=4
[DEBUG] field::process() type=5 step=3 units=4
[DEBUG] field::process() type=5 step=5 units=4
[DEBUG] field::process() type=5 step=7 units=4
[DEBUG] field::process() type=1 step=3 units=3
[DEBUG] field::process() type=1 step=4 units=3
[DEBUG] field::process() type=1 step=5 units=3
[DEBUG] field::process() type=1 step=8 units=3
[DEBUG] field::process() type=1 step=9 units=3
[DEBUG] field::process() type=1 step=10 units=3
[DEBUG] field::process() type=1 step=11 units=3
[DEBUG] field::process() type=1 step=12 units=3
[DEBUG] field::process() type=1 step=13 units=3
[DEBUG] field::process() type=1 step=14 units=3
[DEBUG] field::process() type=1 step=15 units=3
[DEBUG] field::process() type=1 step=16 units=3
[DEBUG] field::process() type=33 step=26 units=2
[DEBUG] field::process() type=3 step=3 units=1
[DEBUG] field::process() type=3 step=4 units=1
[DEBUG] before get_message engLen=3
[DEBUG] after get_message, msgType=0x29, before Analyze
[DEBUG] Analyze: engType=41
[DEBUG] after Analyze, stop=0
[DEBUG] field::process() type=3 step=5 units=1
[DEBUG] field::process() type=33 step=0 units=2
[DEBUG] field::process() type=33 step=2 units=2
[DEBUG] field::process() type=33 step=0 units=2
[DEBUG] field::process() type=33 step=2 units=2
[DEBUG] field::process() type=33 step=20 units=2
[DEBUG] field::process() type=33 step=25 units=2
[DEBUG] field::process() type=1 step=0 units=3
[DEBUG] field::process() type=1 step=1 units=3
[DEBUG] field::process() type=1 step=2 units=3
[DEBUG] field::process() type=5 step=0 units=4
[DEBUG] field::process() type=5 step=1 units=4
[DEBUG] field::process() type=5 step=3 units=4
[DEBUG] field::process() type=5 step=5 units=4
[DEBUG] field::process() type=5 step=7 units=4
[DEBUG] field::process() type=1 step=3 units=3
[DEBUG] field::process() type=1 step=4 units=3
[DEBUG] field::process() type=1 step=5 units=3
[DEBUG] field::process() type=1 step=8 units=3
[DEBUG] field::process() type=1 step=9 units=3
[DEBUG] field::process() type=1 step=10 units=3
[DEBUG] field::process() type=1 step=11 units=3
[DEBUG] field::process() type=1 step=12 units=3
[DEBUG] field::process() type=1 step=13 units=3
[DEBUG] field::process() type=1 step=14 units=3
[DEBUG] field::process() type=1 step=15 units=3
[DEBUG] field::process() type=1 step=16 units=3
[DEBUG] field::process() type=33 step=26 units=2
[DEBUG] field::process() type=3 step=6 units=1
[DEBUG] field::process() type=1 step=0 units=2
[DEBUG] field::process() type=1 step=1 units=2
[DEBUG] field::process() type=1 step=2 units=2
[DEBUG] field::process() type=5 step=0 units=3
[DEBUG] field::process() type=5 step=1 units=3
[DEBUG] field::process() type=5 step=3 units=3
[DEBUG] field::process() type=5 step=5 units=3
[DEBUG] field::process() type=5 step=7 units=3
[DEBUG] field::process() type=1 step=3 units=2
[DEBUG] field::process() type=1 step=4 units=2
[DEBUG] field::process() type=1 step=5 units=2
[DEBUG] field::process() type=1 step=8 units=2
[DEBUG] field::process() type=1 step=9 units=2
[DEBUG] field::process() type=1 step=10 units=2
[DEBUG] field::process() type=1 step=11 units=2
[DEBUG] field::process() type=1 step=12 units=2
[DEBUG] field::process() type=1 step=13 units=2
[DEBUG] field::process() type=1 step=14 units=2
[DEBUG] field::process() type=1 step=15 units=2
[DEBUG] field::process() type=1 step=16 units=2
[DEBUG] field::process() type=3 step=7 units=1
[DEBUG] before get_message engLen=3
[DEBUG] after get_message, msgType=0x29, before Analyze
[DEBUG] Analyze: engType=41
[DEBUG] after Analyze, stop=0
[DEBUG] field::process() type=32 step=0 units=2
[DEBUG] field::process() type=10 step=0 units=3
[DEBUG] before get_message engLen=89
[DEBUG] after get_message, msgType=0xb, before Analyze
[DEBUG] Analyze: engType=11
[DEBUG] WaitforResponse: playerid=0 active_field=2
[DEBUG] WaitforResponseAfterRewrite: playerid=0 active_field=2
[DEBUG] after Analyze, stop=1
[DEBUG] set_active_field: 2->3 new game_field=0000000000E0CFB0 temp_card=0000000000E154F0
[DEBUG] TPDuel::Process: before Process() field 3
[DEBUG] field::process() type=6 step=0 units=2
[DEBUG] before get_message engLen=4
[DEBUG] after get_message, msgType=0xc8, before Analyze
[DEBUG] Analyze: engType=200
[DEBUG] after Analyze, stop=0
[DEBUG] field::process() type=3 step=0 units=1
[DEBUG] before get_message engLen=2
[DEBUG] after get_message, msgType=0x28, before Analyze
[DEBUG] Analyze: engType=40
[DEBUG] after Analyze, stop=0
[DEBUG] field::process() type=1 step=0 units=2
[DEBUG] field::process() type=1 step=1 units=2
[DEBUG] field::process() type=1 step=2 units=2
[DEBUG] field::process() type=5 step=0 units=3
[DEBUG] field::process() type=5 step=1 units=3
[DEBUG] field::process() type=5 step=3 units=3
[DEBUG] field::process() type=5 step=5 units=3
[DEBUG] field::process() type=5 step=7 units=3
[DEBUG] field::process() type=1 step=3 units=2
[DEBUG] field::process() type=1 step=4 units=2
[DEBUG] field::process() type=1 step=5 units=2
[DEBUG] field::process() type=1 step=8 units=2
[DEBUG] field::process() type=1 step=9 units=2
[DEBUG] field::process() type=1 step=10 units=2
[DEBUG] field::process() type=1 step=11 units=2
[DEBUG] field::process() type=1 step=12 units=2
[DEBUG] field::process() type=1 step=13 units=2
[DEBUG] field::process() type=1 step=14 units=2
[DEBUG] field::process() type=1 step=15 units=2
[DEBUG] field::process() type=1 step=16 units=2
[DEBUG] field::process() type=3 step=1 units=1
[DEBUG] before get_message engLen=10
[DEBUG] after get_message, msgType=0x29, before Analyze
[DEBUG] Analyze: engType=41
[DEBUG] Analyze: engType=2
[DEBUG] after Analyze, stop=0
[DEBUG] field::process() type=3 step=2 units=1
[DEBUG] before get_message engLen=7
[DEBUG] after get_message, msgType=0x39, before Analyze
[DEBUG] Analyze: engType=57
[DEBUG] after Analyze, stop=0
[DEBUG] field::process() type=70 step=0 units=3
[DEBUG] before get_message engLen=27
[DEBUG] after get_message, msgType=0x5a, before Analyze
[DEBUG] Analyze: engType=90
[DEBUG] MSG_DRAW: engine_player=0 active_field=3 IsBattleField=0
[DEBUG] after Analyze, stop=0
[DEBUG] field::process() type=70 step=1 units=3
[DEBUG] field::process() type=33 step=0 units=2
[DEBUG] field::process() type=33 step=2 units=2
[DEBUG] field::process() type=33 step=0 units=2
[DEBUG] field::process() type=33 step=2 units=2
[DEBUG] field::process() type=33 step=20 units=2
[DEBUG] field::process() type=33 step=25 units=2
[DEBUG] field::process() type=1 step=0 units=3
[DEBUG] field::process() type=1 step=1 units=3
[DEBUG] field::process() type=1 step=2 units=3
[DEBUG] field::process() type=5 step=0 units=4
[DEBUG] field::process() type=5 step=1 units=4
[DEBUG] field::process() type=5 step=3 units=4
[DEBUG] field::process() type=5 step=5 units=4
[DEBUG] field::process() type=5 step=7 units=4
[DEBUG] field::process() type=1 step=3 units=3
[DEBUG] field::process() type=1 step=4 units=3
[DEBUG] field::process() type=1 step=5 units=3
[DEBUG] field::process() type=1 step=8 units=3
[DEBUG] field::process() type=1 step=9 units=3
[DEBUG] field::process() type=1 step=10 units=3
[DEBUG] field::process() type=1 step=11 units=3
[DEBUG] field::process() type=1 step=12 units=3
[DEBUG] field::process() type=1 step=13 units=3
[DEBUG] field::process() type=1 step=14 units=3
[DEBUG] field::process() type=1 step=15 units=3
[DEBUG] field::process() type=1 step=16 units=3
[DEBUG] field::process() type=33 step=26 units=2
[DEBUG] field::process() type=3 step=3 units=1
[DEBUG] field::process() type=3 step=4 units=1
[DEBUG] before get_message engLen=3
[DEBUG] after get_message, msgType=0x29, before Analyze
[DEBUG] Analyze: engType=41
[DEBUG] after Analyze, stop=0
[DEBUG] field::process() type=3 step=5 units=1
[DEBUG] field::process() type=33 step=0 units=2
[DEBUG] field::process() type=33 step=2 units=2
[DEBUG] field::process() type=33 step=0 units=2
[DEBUG] field::process() type=33 step=2 units=2
[DEBUG] field::process() type=33 step=20 units=2
[DEBUG] field::process() type=33 step=25 units=2
[DEBUG] field::process() type=1 step=0 units=3
[DEBUG] field::process() type=1 step=1 units=3
[DEBUG] field::process() type=1 step=2 units=3
[DEBUG] field::process() type=5 step=0 units=4
[DEBUG] field::process() type=5 step=1 units=4
[DEBUG] field::process() type=5 step=3 units=4
[DEBUG] field::process() type=5 step=5 units=4
[DEBUG] field::process() type=5 step=7 units=4
[DEBUG] field::process() type=1 step=3 units=3
[DEBUG] field::process() type=1 step=4 units=3
[DEBUG] field::process() type=1 step=5 units=3
[DEBUG] field::process() type=1 step=8 units=3
[DEBUG] field::process() type=1 step=9 units=3
[DEBUG] field::process() type=1 step=10 units=3
[DEBUG] field::process() type=1 step=11 units=3
[DEBUG] field::process() type=1 step=12 units=3
[DEBUG] field::process() type=1 step=13 units=3
[DEBUG] field::process() type=1 step=14 units=3
[DEBUG] field::process() type=1 step=15 units=3
[DEBUG] field::process() type=1 step=16 units=3
[DEBUG] field::process() type=33 step=26 units=2
[DEBUG] field::process() type=3 step=6 units=1
[DEBUG] field::process() type=1 step=0 units=2
[DEBUG] field::process() type=1 step=1 units=2
[DEBUG] field::process() type=1 step=2 units=2
[DEBUG] field::process() type=5 step=0 units=3
[DEBUG] field::process() type=5 step=1 units=3
[DEBUG] field::process() type=5 step=3 units=3
[DEBUG] field::process() type=5 step=5 units=3
[DEBUG] field::process() type=5 step=7 units=3
[DEBUG] field::process() type=1 step=3 units=2
[DEBUG] field::process() type=1 step=4 units=2
[DEBUG] field::process() type=1 step=5 units=2
[DEBUG] field::process() type=1 step=8 units=2
[DEBUG] field::process() type=1 step=9 units=2
[DEBUG] field::process() type=1 step=10 units=2
[DEBUG] field::process() type=1 step=11 units=2
[DEBUG] field::process() type=1 step=12 units=2
[DEBUG] field::process() type=1 step=13 units=2
[DEBUG] field::process() type=1 step=14 units=2
[DEBUG] field::process() type=1 step=15 units=2
[DEBUG] field::process() type=1 step=16 units=2
[DEBUG] field::process() type=3 step=7 units=1
[DEBUG] before get_message engLen=3
[DEBUG] after get_message, msgType=0x29, before Analyze
[DEBUG] Analyze: engType=41
[DEBUG] after Analyze, stop=0
[DEBUG] field::process() type=32 step=0 units=2
[DEBUG] field::process() type=10 step=0 units=3
[DEBUG] before get_message engLen=89
[DEBUG] after get_message, msgType=0xb, before Analyze
[DEBUG] Analyze: engType=11
[DEBUG] WaitforResponse: playerid=0 active_field=3
[DEBUG] WaitforResponseAfterRewrite: playerid=0 active_field=3
[DEBUG] after Analyze, stop=1
[DEBUG] set_active_field: 3->0 new game_field=0000000000D70290 temp_card=0000000000EA32B0
[DEBUG] GetResponse ENTER: dp->type=0 active_field=0 len=4
[DEBUG] field::process() type=10 step=1 units=3
[DEBUG] step是=1
[DEBUG] field::process() type=32 step=1 units=2
[DEBUG] field::process() type=40 step=0 units=4
[DEBUG] field::process() type=53 step=0 units=5
[DEBUG] before get_message engLen=7
[DEBUG] after get_message, msgType=0x2, before Analyze
[DEBUG] Analyze: engType=2
[DEBUG] after Analyze, stop=0
[DEBUG] field::process() type=18 step=0 units=6
[DEBUG] before get_message engLen=7
[DEBUG] after get_message, msgType=0x12, before Analyze
[DEBUG] Analyze: engType=18
[DEBUG] WaitforResponse: playerid=0 active_field=0
[DEBUG] WaitforResponseAfterRewrite: playerid=0 active_field=0
[DEBUG] after Analyze, stop=1
[DEBUG] set_active_field: 0->0 new game_field=0000000000D70290 temp_card=0000000000EA32B0
[DEBUG] GetResponse ENTER: dp->type=0 active_field=0 len=3
[DEBUG] field::process() type=18 step=1 units=6
[DEBUG] field::process() type=53 step=1 units=5
[DEBUG] field::process() type=53 step=2 units=5
[DEBUG] before get_message engLen=17
[DEBUG] after get_message, msgType=0x32, before Analyze
[DEBUG] Analyze: engType=50
[DEBUG] MSG_MOVE: cc=0 pc=0 cl=8 pl=2 active_field=0 IsBattleField=0
[DEBUG] after Analyze, stop=0
[DEBUG] field::process() type=53 step=3 units=5
[DEBUG] field::process() type=40 step=1 units=4
[DEBUG] before get_message engLen=17
[DEBUG] after get_message, msgType=0x46, before Analyze
[DEBUG] Analyze: engType=70
[DEBUG] after Analyze, stop=0
[DEBUG] field::process() type=40 step=2 units=4
[DEBUG] field::process() type=40 step=3 units=4
[DEBUG] field::process() type=40 step=5 units=4
[DEBUG] field::process() type=40 step=7 units=4
[DEBUG] field::process() type=40 step=8 units=4
[DEBUG] field::process() type=40 step=9 units=4
[DEBUG] before get_message engLen=2
[DEBUG] after get_message, msgType=0x47, before Analyze
[DEBUG] Analyze: engType=71
[DEBUG] after Analyze, stop=0
[DEBUG] field::process() type=1 step=0 units=4
[DEBUG] field::process() type=1 step=1 units=4
[DEBUG] field::process() type=1 step=2 units=4
[DEBUG] field::process() type=5 step=0 units=5
[DEBUG] field::process() type=5 step=1 units=5
[DEBUG] field::process() type=5 step=3 units=5
[DEBUG] field::process() type=5 step=5 units=5
[DEBUG] field::process() type=5 step=7 units=5
[DEBUG] field::process() type=1 step=3 units=4
[DEBUG] field::process() type=1 step=4 units=4
[DEBUG] field::process() type=1 step=5 units=4
[DEBUG] field::process() type=1 step=8 units=4
[DEBUG] field::process() type=1 step=9 units=4
[DEBUG] field::process() type=1 step=10 units=4
[DEBUG] field::process() type=1 step=11 units=4
[DEBUG] field::process() type=1 step=12 units=4
[DEBUG] field::process() type=1 step=13 units=4
[DEBUG] field::process() type=1 step=14 units=4
[DEBUG] field::process() type=1 step=15 units=4
[DEBUG] field::process() type=1 step=16 units=4
[DEBUG] field::process() type=31 step=0 units=3
[DEBUG] field::process() type=31 step=1 units=3
[DEBUG] field::process() type=31 step=2 units=3
[DEBUG] field::process() type=16 step=0 units=4
[DEBUG] field::process() type=31 step=3 units=3
[DEBUG] field::process() type=31 step=1 units=3
[DEBUG] field::process() type=31 step=2 units=3
[DEBUG] field::process() type=16 step=0 units=4
[DEBUG] before get_message engLen=12
[DEBUG] after get_message, msgType=0x10, before Analyze
[DEBUG] Analyze: engType=16
[DEBUG] WaitforResponse: playerid=0 active_field=0
[DEBUG] WaitforResponseAfterRewrite: playerid=0 active_field=0
[DEBUG] after Analyze, stop=1
[DEBUG] set_active_field: 0->0 new game_field=0000000000D70290 temp_card=0000000000EA32B0
[DEBUG] GetResponse ENTER: dp->type=0 active_field=0 len=4
[DEBUG] field::process() type=16 step=1 units=4
[DEBUG] field::process() type=31 step=3 units=3
[DEBUG] field::process() type=32 step=2 units=2
[DEBUG] field::process() type=42 step=0 units=3
[DEBUG] before get_message engLen=2
[DEBUG] after get_message, msgType=0x48, before Analyze
[DEBUG] Analyze: engType=72
[DEBUG] after Analyze, stop=0
[DEBUG] field::process() type=42 step=1 units=3
[DEBUG] field::process() type=42 step=2 units=3
[DEBUG] field::process() type=42 step=3 units=3
[DEBUG] field::process() type=42 step=4 units=3
[DEBUG] field::process() type=42 step=5 units=3
[DEBUG] before get_message engLen=2
[DEBUG] after get_message, msgType=0x49, before Analyze
[DEBUG] Analyze: engType=73
[DEBUG] after Analyze, stop=0
[DEBUG] field::process() type=42 step=10 units=3
[DEBUG] field::process() type=1 step=0 units=4
[DEBUG] field::process() type=1 step=1 units=4
[DEBUG] field::process() type=1 step=2 units=4
[DEBUG] field::process() type=5 step=0 units=5
[DEBUG] field::process() type=5 step=1 units=5
[DEBUG] field::process() type=5 step=3 units=5
[DEBUG] field::process() type=5 step=5 units=5
[DEBUG] field::process() type=5 step=7 units=5
[DEBUG] field::process() type=1 step=3 units=4
[DEBUG] field::process() type=1 step=4 units=4
[DEBUG] field::process() type=1 step=5 units=4
[DEBUG] field::process() type=1 step=8 units=4
[DEBUG] field::process() type=1 step=9 units=4
[DEBUG] field::process() type=1 step=10 units=4
[DEBUG] field::process() type=1 step=11 units=4
[DEBUG] field::process() type=1 step=12 units=4
[DEBUG] field::process() type=1 step=13 units=4
[DEBUG] field::process() type=1 step=14 units=4
[DEBUG] field::process() type=1 step=15 units=4
[DEBUG] field::process() type=1 step=16 units=4
[DEBUG] field::process() type=42 step=11 units=3
[DEBUG] field::process() type=42 step=12 units=3
[DEBUG] before get_message engLen=1
[DEBUG] after get_message, msgType=0x4a, before Analyze
[DEBUG] Analyze: engType=74
[DEBUG] after Analyze, stop=0
[DEBUG] field::process() type=42 step=13 units=3
[DEBUG] field::process() type=1 step=0 units=4
[DEBUG] field::process() type=1 step=1 units=4
[DEBUG] field::process() type=1 step=2 units=4
[DEBUG] field::process() type=5 step=0 units=5
[DEBUG] field::process() type=5 step=1 units=5
[DEBUG] field::process() type=5 step=3 units=5
[DEBUG] field::process() type=5 step=5 units=5
[DEBUG] field::process() type=5 step=7 units=5
[DEBUG] field::process() type=1 step=3 units=4
[DEBUG] field::process() type=1 step=4 units=4
[DEBUG] field::process() type=1 step=5 units=4
[DEBUG] field::process() type=1 step=8 units=4
[DEBUG] field::process() type=1 step=9 units=4
[DEBUG] field::process() type=1 step=10 units=4
[DEBUG] field::process() type=1 step=11 units=4
[DEBUG] field::process() type=1 step=12 units=4
[DEBUG] field::process() type=1 step=13 units=4
[DEBUG] field::process() type=1 step=14 units=4
[DEBUG] field::process() type=1 step=15 units=4
[DEBUG] field::process() type=1 step=16 units=4
[DEBUG] field::process() type=30 step=0 units=3
[DEBUG] field::process() type=30 step=2 units=3
[DEBUG] field::process() type=30 step=3 units=3
[DEBUG] field::process() type=30 step=4 units=3
[DEBUG] field::process() type=30 step=6 units=3
[DEBUG] field::process() type=30 step=7 units=3
[DEBUG] field::process() type=30 step=8 units=3
[DEBUG] field::process() type=30 step=9 units=3
[DEBUG] field::process() type=31 step=0 units=4
[DEBUG] field::process() type=31 step=1 units=4
[DEBUG] field::process() type=31 step=2 units=4
[DEBUG] field::process() type=16 step=0 units=5
[DEBUG] before get_message engLen=12
[DEBUG] after get_message, msgType=0x10, before Analyze
[DEBUG] Analyze: engType=16
[DEBUG] WaitforResponse: playerid=0 active_field=0
[DEBUG] WaitforResponseAfterRewrite: playerid=0 active_field=0
[DEBUG] after Analyze, stop=1
[DEBUG] set_active_field: 0->0 new game_field=0000000000D70290 temp_card=0000000000EA32B0
[DEBUG] GetResponse ENTER: dp->type=0 active_field=0 len=4
[DEBUG] field::process() type=16 step=1 units=5
[DEBUG] field::process() type=31 step=3 units=4
[DEBUG] field::process() type=31 step=1 units=4
[DEBUG] field::process() type=31 step=2 units=4
[DEBUG] field::process() type=16 step=0 units=5
[DEBUG] field::process() type=31 step=3 units=4
[DEBUG] field::process() type=30 step=10 units=3
[DEBUG] field::process() type=32 step=0 units=2
[DEBUG] field::process() type=10 step=0 units=3
[DEBUG] before get_message engLen=64
[DEBUG] after get_message, msgType=0xb, before Analyze
[DEBUG] Analyze: engType=11
[DEBUG] WaitforResponse: playerid=0 active_field=0
[DEBUG] WaitforResponseAfterRewrite: playerid=0 active_field=0
[DEBUG] after Analyze, stop=1
[DEBUG] set_active_field: 0->0 new game_field=0000000000D70290 temp_card=0000000000EA32B0
[DEBUG] GetResponse ENTER: dp->type=0 active_field=0 len=4
[DEBUG] field::process() type=10 step=1 units=3
[DEBUG] step是=1
[DEBUG] field::process() type=32 step=1 units=2
[DEBUG] field::process() type=40 step=0 units=4
[DEBUG] field::process() type=53 step=0 units=5
[DEBUG] before get_message engLen=7
[DEBUG] after get_message, msgType=0x2, before Analyze
[DEBUG] Analyze: engType=2
[DEBUG] after Analyze, stop=0
[DEBUG] field::process() type=18 step=0 units=6
[DEBUG] before get_message engLen=7
[DEBUG] after get_message, msgType=0x12, before Analyze
[DEBUG] Analyze: engType=18
[DEBUG] WaitforResponse: playerid=0 active_field=0
[DEBUG] WaitforResponseAfterRewrite: playerid=0 active_field=0
[DEBUG] after Analyze, stop=1
[DEBUG] set_active_field: 0->0 new game_field=0000000000D70290 temp_card=0000000000EA32B0
[DEBUG] GetResponse ENTER: dp->type=0 active_field=0 len=3
[DEBUG] field::process() type=18 step=1 units=6
[DEBUG] field::process() type=53 step=1 units=5
[DEBUG] field::process() type=53 step=2 units=5
[DEBUG] before get_message engLen=17
[DEBUG] after get_message, msgType=0x32, before Analyze
[DEBUG] Analyze: engType=50
[DEBUG] MSG_MOVE: cc=0 pc=0 cl=8 pl=2 active_field=0 IsBattleField=0
[DEBUG] after Analyze, stop=0
[DEBUG] field::process() type=53 step=3 units=5
[DEBUG] field::process() type=40 step=1 units=4
[DEBUG] before get_message engLen=17
[DEBUG] after get_message, msgType=0x46, before Analyze
[DEBUG] Analyze: engType=70
[DEBUG] after Analyze, stop=0
[DEBUG] field::process() type=40 step=2 units=4
[DEBUG] field::process() type=40 step=3 units=4
[DEBUG] field::process() type=40 step=5 units=4
[DEBUG] field::process() type=40 step=7 units=4
[DEBUG] field::process() type=40 step=8 units=4
[DEBUG] field::process() type=40 step=9 units=4
[DEBUG] before get_message engLen=2
[DEBUG] after get_message, msgType=0x47, before Analyze
[DEBUG] Analyze: engType=71
[DEBUG] after Analyze, stop=0
[DEBUG] field::process() type=1 step=0 units=4
[DEBUG] field::process() type=1 step=1 units=4
[DEBUG] field::process() type=1 step=2 units=4
[DEBUG] field::process() type=5 step=0 units=5
[DEBUG] field::process() type=5 step=1 units=5
[DEBUG] field::process() type=5 step=3 units=5
[DEBUG] field::process() type=5 step=5 units=5
[DEBUG] field::process() type=5 step=7 units=5
[DEBUG] field::process() type=1 step=3 units=4
[DEBUG] field::process() type=1 step=4 units=4
[DEBUG] field::process() type=1 step=5 units=4
[DEBUG] field::process() type=1 step=8 units=4
[DEBUG] field::process() type=1 step=9 units=4
[DEBUG] field::process() type=1 step=10 units=4
[DEBUG] field::process() type=1 step=11 units=4
[DEBUG] field::process() type=1 step=12 units=4
[DEBUG] field::process() type=1 step=13 units=4
[DEBUG] field::process() type=1 step=14 units=4
[DEBUG] field::process() type=1 step=15 units=4
[DEBUG] field::process() type=1 step=16 units=4
[DEBUG] field::process() type=31 step=0 units=3
[DEBUG] field::process() type=31 step=1 units=3
[DEBUG] field::process() type=31 step=2 units=3
[DEBUG] field::process() type=16 step=0 units=4
[DEBUG] field::process() type=31 step=3 units=3
[DEBUG] field::process() type=31 step=1 units=3
[DEBUG] field::process() type=31 step=2 units=3
[DEBUG] field::process() type=16 step=0 units=4
[DEBUG] before get_message engLen=12
[DEBUG] after get_message, msgType=0x10, before Analyze
[DEBUG] Analyze: engType=16
[DEBUG] WaitforResponse: playerid=0 active_field=0
[DEBUG] WaitforResponseAfterRewrite: playerid=0 active_field=0
[DEBUG] after Analyze, stop=1
[DEBUG] set_active_field: 0->0 new game_field=0000000000D70290 temp_card=0000000000EA32B0
[DEBUG] GetResponse ENTER: dp->type=0 active_field=0 len=4
[DEBUG] field::process() type=16 step=1 units=4
[DEBUG] field::process() type=31 step=3 units=3
[DEBUG] field::process() type=32 step=2 units=2
[DEBUG] field::process() type=42 step=0 units=3
[DEBUG] before get_message engLen=2
[DEBUG] after get_message, msgType=0x48, before Analyze
[DEBUG] Analyze: engType=72
[DEBUG] after Analyze, stop=0
[DEBUG] field::process() type=42 step=1 units=3
[DEBUG] field::process() type=42 step=2 units=3
[DEBUG] field::process() type=42 step=3 units=3
[DEBUG] field::process() type=42 step=4 units=3
[DEBUG] field::process() type=42 step=5 units=3
[DEBUG] before get_message engLen=2
[DEBUG] after get_message, msgType=0x49, before Analyze
[DEBUG] Analyze: engType=73
[DEBUG] after Analyze, stop=0
[DEBUG] field::process() type=42 step=10 units=3
[DEBUG] field::process() type=1 step=0 units=4
[DEBUG] field::process() type=1 step=1 units=4
[DEBUG] field::process() type=1 step=2 units=4
[DEBUG] field::process() type=5 step=0 units=5
[DEBUG] field::process() type=5 step=1 units=5
[DEBUG] field::process() type=5 step=3 units=5
[DEBUG] field::process() type=5 step=5 units=5
[DEBUG] field::process() type=5 step=7 units=5
[DEBUG] field::process() type=1 step=3 units=4
[DEBUG] field::process() type=1 step=4 units=4
[DEBUG] field::process() type=1 step=5 units=4
[DEBUG] field::process() type=1 step=8 units=4
[DEBUG] field::process() type=1 step=9 units=4
[DEBUG] field::process() type=1 step=10 units=4
[DEBUG] field::process() type=1 step=11 units=4
[DEBUG] field::process() type=1 step=12 units=4
[DEBUG] field::process() type=1 step=13 units=4
[DEBUG] field::process() type=1 step=14 units=4
[DEBUG] field::process() type=1 step=15 units=4
[DEBUG] field::process() type=1 step=16 units=4
[DEBUG] field::process() type=42 step=11 units=3
[DEBUG] field::process() type=42 step=12 units=3
[DEBUG] before get_message engLen=1
[DEBUG] after get_message, msgType=0x4a, before Analyze
[DEBUG] Analyze: engType=74
[DEBUG] after Analyze, stop=0
[DEBUG] field::process() type=42 step=13 units=3
[DEBUG] field::process() type=1 step=0 units=4
[DEBUG] field::process() type=1 step=1 units=4
[DEBUG] field::process() type=1 step=2 units=4
[DEBUG] field::process() type=5 step=0 units=5
[DEBUG] field::process() type=5 step=1 units=5
[DEBUG] field::process() type=5 step=3 units=5
[DEBUG] field::process() type=5 step=5 units=5
[DEBUG] field::process() type=5 step=7 units=5
[DEBUG] field::process() type=1 step=3 units=4
[DEBUG] field::process() type=1 step=4 units=4
[DEBUG] field::process() type=1 step=5 units=4
[DEBUG] field::process() type=1 step=8 units=4
[DEBUG] field::process() type=1 step=9 units=4
[DEBUG] field::process() type=1 step=10 units=4
[DEBUG] field::process() type=1 step=11 units=4
[DEBUG] field::process() type=1 step=12 units=4
[DEBUG] field::process() type=1 step=13 units=4
[DEBUG] field::process() type=1 step=14 units=4
[DEBUG] field::process() type=1 step=15 units=4
[DEBUG] field::process() type=1 step=16 units=4
[DEBUG] field::process() type=30 step=0 units=3
[DEBUG] field::process() type=30 step=2 units=3
[DEBUG] field::process() type=30 step=3 units=3
[DEBUG] field::process() type=30 step=4 units=3
[DEBUG] field::process() type=30 step=6 units=3
[DEBUG] field::process() type=30 step=7 units=3
[DEBUG] field::process() type=30 step=8 units=3
[DEBUG] field::process() type=30 step=9 units=3
[DEBUG] field::process() type=31 step=0 units=4
[DEBUG] field::process() type=31 step=1 units=4
[DEBUG] field::process() type=31 step=2 units=4
[DEBUG] field::process() type=16 step=0 units=5
[DEBUG] before get_message engLen=12
[DEBUG] after get_message, msgType=0x10, before Analyze
[DEBUG] Analyze: engType=16
[DEBUG] WaitforResponse: playerid=0 active_field=0
[DEBUG] WaitforResponseAfterRewrite: playerid=0 active_field=0
[DEBUG] after Analyze, stop=1
[DEBUG] set_active_field: 0->0 new game_field=0000000000D70290 temp_card=0000000000EA32B0
[DEBUG] GetResponse ENTER: dp->type=0 active_field=0 len=4
[DEBUG] field::process() type=16 step=1 units=5
[DEBUG] field::process() type=31 step=3 units=4
[DEBUG] field::process() type=31 step=1 units=4
[DEBUG] field::process() type=31 step=2 units=4
[DEBUG] field::process() type=16 step=0 units=5
[DEBUG] field::process() type=31 step=3 units=4
[DEBUG] field::process() type=30 step=10 units=3
[DEBUG] field::process() type=32 step=0 units=2
[DEBUG] field::process() type=10 step=0 units=3
[DEBUG] before get_message engLen=46
[DEBUG] after get_message, msgType=0xb, before Analyze
[DEBUG] Analyze: engType=11
[DEBUG] WaitforResponse: playerid=0 active_field=0
[DEBUG] WaitforResponseAfterRewrite: playerid=0 active_field=0
[DEBUG] after Analyze, stop=1
[DEBUG] set_active_field: 0->0 new game_field=0000000000D70290 temp_card=0000000000EA32B0
[DEBUG] GetResponse ENTER: dp->type=0 active_field=0 len=4
[DEBUG] field::process() type=10 step=1 units=3
[DEBUG] step是=1
[DEBUG] field::process() type=32 step=1 units=2
[DEBUG] field::process() type=32 step=6 units=2
[DEBUG] field::process() type=61 step=0 units=3
[DEBUG] field::process() type=61 step=1 units=3
[DEBUG] field::process() type=61 step=20 units=3
[DEBUG] field::process() type=45 step=0 units=4
[DEBUG] before get_message engLen=7
[DEBUG] after get_message, msgType=0x2, before Analyze
[DEBUG] Analyze: engType=2
[DEBUG] after Analyze, stop=0
[DEBUG] field::process() type=17 step=0 units=5
[DEBUG] before get_message engLen=16
[DEBUG] after get_message, msgType=0x1a, before Analyze
[DEBUG] Analyze: engType=26
[DEBUG] WaitforResponse: playerid=0 active_field=0
[DEBUG] WaitforResponseAfterRewrite: playerid=0 active_field=0
[DEBUG] after Analyze, stop=1
[DEBUG] set_active_field: 0->0 new game_field=0000000000D70290 temp_card=0000000000EA32B0
[DEBUG] GetResponse ENTER: dp->type=0 active_field=0 len=2
[DEBUG] field::process() type=17 step=1 units=5
[DEBUG] field::process() type=45 step=1 units=4
[DEBUG] before get_message engLen=12
[DEBUG] after get_message, msgType=0x53, before Analyze
[DEBUG] Analyze: engType=83
[DEBUG] Analyze: engType=83
[DEBUG] after Analyze, stop=0
[DEBUG] field::process() type=61 step=21 units=3
[DEBUG] field::process() type=61 step=22 units=3
[DEBUG] field::process() type=61 step=23 units=3
[DEBUG] field::process() type=53 step=0 units=4
[DEBUG] before get_message engLen=7
[DEBUG] after get_message, msgType=0x2, before Analyze
[DEBUG] Analyze: engType=2
[DEBUG] after Analyze, stop=0
[DEBUG] field::process() type=18 step=0 units=5
[DEBUG] before get_message engLen=7
[DEBUG] after get_message, msgType=0x12, before Analyze
[DEBUG] Analyze: engType=18
[DEBUG] WaitforResponse: playerid=0 active_field=0
[DEBUG] WaitforResponseAfterRewrite: playerid=0 active_field=0
[DEBUG] after Analyze, stop=1
[DEBUG] set_active_field: 0->0 new game_field=0000000000D70290 temp_card=0000000000EA32B0
[DEBUG] GetResponse ENTER: dp->type=0 active_field=0 len=3
[DEBUG] field::process() type=18 step=1 units=5
[DEBUG] field::process() type=53 step=1 units=4
[DEBUG] field::process() type=19 step=0 units=5
[DEBUG] before get_message engLen=7
[DEBUG] after get_message, msgType=0x13, before Analyze
[DEBUG] Analyze: engType=19
[DEBUG] WaitforResponse: playerid=0 active_field=0
[DEBUG] WaitforResponseAfterRewrite: playerid=0 active_field=0
[DEBUG] after Analyze, stop=1
[DEBUG] set_active_field: 0->0 new game_field=0000000000D70290 temp_card=0000000000EA32B0
[DEBUG] GetResponse ENTER: dp->type=0 active_field=0 len=4
[DEBUG] field::process() type=19 step=1 units=5
[DEBUG] field::process() type=53 step=2 units=4
[DEBUG] before get_message engLen=17
[DEBUG] after get_message, msgType=0x32, before Analyze
[DEBUG] Analyze: engType=50
[DEBUG] MSG_MOVE: cc=0 pc=0 cl=4 pl=2 active_field=0 IsBattleField=0
[DEBUG] after Analyze, stop=0
[DEBUG] field::process() type=53 step=3 units=4
[DEBUG] field::process() type=61 step=24 units=3
[DEBUG] before get_message engLen=9
[DEBUG] after get_message, msgType=0x3e, before Analyze
[DEBUG] Analyze: engType=62
[DEBUG] after Analyze, stop=0
[DEBUG] field::process() type=61 step=25 units=3
[DEBUG] field::process() type=30 step=0 units=4
[DEBUG] field::process() type=30 step=8 units=4
[DEBUG] field::process() type=30 step=9 units=4
[DEBUG] field::process() type=31 step=0 units=5
[DEBUG] field::process() type=31 step=1 units=5
[DEBUG] field::process() type=31 step=2 units=5
[DEBUG] field::process() type=16 step=0 units=6
[DEBUG] before get_message engLen=12
[DEBUG] after get_message, msgType=0x10, before Analyze
[DEBUG] Analyze: engType=16
[DEBUG] WaitforResponse: playerid=0 active_field=0
[DEBUG] WaitforResponseAfterRewrite: playerid=0 active_field=0
[DEBUG] after Analyze, stop=1
[DEBUG] set_active_field: 0->0 new game_field=0000000000D70290 temp_card=0000000000EA32B0
[DEBUG] GetResponse ENTER: dp->type=0 active_field=0 len=4
[DEBUG] field::process() type=16 step=1 units=6
[DEBUG] field::process() type=31 step=3 units=5
[DEBUG] field::process() type=31 step=1 units=5
[DEBUG] field::process() type=31 step=2 units=5
[DEBUG] field::process() type=16 step=0 units=6
[DEBUG] field::process() type=31 step=3 units=5
[DEBUG] field::process() type=30 step=10 units=4
[DEBUG] field::process() type=61 step=26 units=3
[DEBUG] field::process() type=61 step=27 units=3
[DEBUG] field::process() type=61 step=28 units=3
[DEBUG] field::process() type=1 step=0 units=4
[DEBUG] field::process() type=1 step=1 units=4
[DEBUG] field::process() type=1 step=2 units=4
[DEBUG] field::process() type=5 step=0 units=5
[DEBUG] field::process() type=5 step=1 units=5
[DEBUG] field::process() type=5 step=3 units=5
[DEBUG] field::process() type=5 step=5 units=5
[DEBUG] field::process() type=5 step=7 units=5
[DEBUG] field::process() type=1 step=3 units=4
[DEBUG] field::process() type=1 step=4 units=4
[DEBUG] field::process() type=1 step=5 units=4
[DEBUG] field::process() type=1 step=8 units=4
[DEBUG] field::process() type=1 step=9 units=4
[DEBUG] field::process() type=1 step=10 units=4
[DEBUG] field::process() type=1 step=11 units=4
[DEBUG] field::process() type=1 step=12 units=4
[DEBUG] field::process() type=1 step=13 units=4
[DEBUG] field::process() type=1 step=14 units=4
[DEBUG] field::process() type=1 step=15 units=4
[DEBUG] field::process() type=1 step=16 units=4
[DEBUG] field::process() type=61 step=29 units=3
[DEBUG] before get_message engLen=1
[DEBUG] after get_message, msgType=0x3f, before Analyze
[DEBUG] Analyze: engType=63
[DEBUG] after Analyze, stop=0
[DEBUG] field::process() type=1 step=0 units=4
[DEBUG] field::process() type=1 step=1 units=4
[DEBUG] field::process() type=1 step=2 units=4
[DEBUG] field::process() type=5 step=0 units=5
[DEBUG] field::process() type=5 step=1 units=5
[DEBUG] field::process() type=5 step=3 units=5
[DEBUG] field::process() type=5 step=5 units=5
[DEBUG] field::process() type=5 step=7 units=5
[DEBUG] field::process() type=1 step=3 units=4
[DEBUG] field::process() type=1 step=4 units=4
[DEBUG] field::process() type=1 step=5 units=4
[DEBUG] field::process() type=1 step=8 units=4
[DEBUG] field::process() type=1 step=9 units=4
[DEBUG] field::process() type=1 step=10 units=4
[DEBUG] field::process() type=1 step=11 units=4
[DEBUG] field::process() type=1 step=12 units=4
[DEBUG] field::process() type=1 step=13 units=4
[DEBUG] field::process() type=1 step=14 units=4
[DEBUG] field::process() type=1 step=15 units=4
[DEBUG] field::process() type=1 step=16 units=4
[DEBUG] field::process() type=30 step=0 units=3
[DEBUG] field::process() type=30 step=2 units=3
[DEBUG] field::process() type=30 step=3 units=3
[DEBUG] field::process() type=30 step=4 units=3
[DEBUG] field::process() type=30 step=6 units=3
[DEBUG] field::process() type=30 step=7 units=3
[DEBUG] field::process() type=30 step=8 units=3
[DEBUG] field::process() type=30 step=9 units=3
[DEBUG] field::process() type=31 step=0 units=4
[DEBUG] field::process() type=31 step=1 units=4
[DEBUG] field::process() type=31 step=2 units=4
[DEBUG] field::process() type=16 step=0 units=5
[DEBUG] before get_message engLen=12
[DEBUG] after get_message, msgType=0x10, before Analyze
[DEBUG] Analyze: engType=16
[DEBUG] WaitforResponse: playerid=0 active_field=0
[DEBUG] WaitforResponseAfterRewrite: playerid=0 active_field=0
[DEBUG] after Analyze, stop=1
[DEBUG] set_active_field: 0->0 new game_field=0000000000D70290 temp_card=0000000000EA32B0
[DEBUG] GetResponse ENTER: dp->type=0 active_field=0 len=4
[DEBUG] field::process() type=16 step=1 units=5
[DEBUG] field::process() type=31 step=3 units=4
[DEBUG] field::process() type=31 step=1 units=4
[DEBUG] field::process() type=31 step=2 units=4
[DEBUG] field::process() type=16 step=0 units=5
[DEBUG] field::process() type=31 step=3 units=4
[DEBUG] field::process() type=30 step=10 units=3
[DEBUG] field::process() type=32 step=0 units=2
[DEBUG] field::process() type=10 step=0 units=3
[DEBUG] before get_message engLen=47
[DEBUG] after get_message, msgType=0xb, before Analyze
[DEBUG] Analyze: engType=11
[DEBUG] WaitforResponse: playerid=0 active_field=0
[DEBUG] WaitforResponseAfterRewrite: playerid=0 active_field=0
[DEBUG] after Analyze, stop=1
[DEBUG] set_active_field: 0->3 new game_field=0000000000E0CFB0 temp_card=0000000000E154F0
[DEBUG] GetResponse ENTER: dp->type=3 active_field=3 len=4
[DEBUG] field::process() type=10 step=1 units=3
[DEBUG] step是=1
[DEBUG] field::process() type=32 step=1 units=2
[DEBUG] field::process() type=40 step=0 units=4
[DEBUG] field::process() type=53 step=0 units=5
[DEBUG] before get_message engLen=7
[DEBUG] after get_message, msgType=0x2, before Analyze
[DEBUG] Analyze: engType=2
[DEBUG] after Analyze, stop=0
[DEBUG] field::process() type=18 step=0 units=6
[DEBUG] before get_message engLen=7
[DEBUG] after get_message, msgType=0x12, before Analyze
[DEBUG] Analyze: engType=18
[DEBUG] WaitforResponse: playerid=0 active_field=3
[DEBUG] WaitforResponseAfterRewrite: playerid=0 active_field=3
[DEBUG] after Analyze, stop=1
[DEBUG] set_active_field: 3->3 new game_field=0000000000E0CFB0 temp_card=0000000000E154F0
[DEBUG] GetResponse ENTER: dp->type=3 active_field=3 len=3
[DEBUG] field::process() type=18 step=1 units=6
[DEBUG] field::process() type=53 step=1 units=5
[DEBUG] field::process() type=53 step=2 units=5
[DEBUG] before get_message engLen=17
[DEBUG] after get_message, msgType=0x32, before Analyze
[DEBUG] Analyze: engType=50
[DEBUG] MSG_MOVE: cc=0 pc=0 cl=8 pl=2 active_field=3 IsBattleField=0
[DEBUG] after Analyze, stop=0
[DEBUG] field::process() type=53 step=3 units=5
[DEBUG] field::process() type=40 step=1 units=4
[DEBUG] before get_message engLen=17
[DEBUG] after get_message, msgType=0x46, before Analyze
[DEBUG] Analyze: engType=70
[DEBUG] after Analyze, stop=0
[DEBUG] field::process() type=40 step=2 units=4
[DEBUG] field::process() type=40 step=3 units=4
[DEBUG] field::process() type=40 step=5 units=4
[DEBUG] field::process() type=40 step=7 units=4
[DEBUG] field::process() type=40 step=8 units=4
[DEBUG] field::process() type=40 step=9 units=4
[DEBUG] before get_message engLen=2
[DEBUG] after get_message, msgType=0x47, before Analyze
[DEBUG] Analyze: engType=71
[DEBUG] after Analyze, stop=0
[DEBUG] field::process() type=1 step=0 units=4
[DEBUG] field::process() type=1 step=1 units=4
[DEBUG] field::process() type=1 step=2 units=4
[DEBUG] field::process() type=5 step=0 units=5
[DEBUG] field::process() type=5 step=1 units=5
[DEBUG] field::process() type=5 step=3 units=5
[DEBUG] field::process() type=5 step=5 units=5
[DEBUG] field::process() type=5 step=7 units=5
[DEBUG] field::process() type=1 step=3 units=4
[DEBUG] field::process() type=1 step=4 units=4
[DEBUG] field::process() type=1 step=5 units=4
[DEBUG] field::process() type=1 step=8 units=4
[DEBUG] field::process() type=1 step=9 units=4
[DEBUG] field::process() type=1 step=10 units=4
[DEBUG] field::process() type=1 step=11 units=4
[DEBUG] field::process() type=1 step=12 units=4
[DEBUG] field::process() type=1 step=13 units=4
[DEBUG] field::process() type=1 step=14 units=4
[DEBUG] field::process() type=1 step=15 units=4
[DEBUG] field::process() type=1 step=16 units=4
[DEBUG] field::process() type=31 step=0 units=3
[DEBUG] field::process() type=31 step=1 units=3
[DEBUG] field::process() type=31 step=2 units=3
[DEBUG] field::process() type=16 step=0 units=4
[DEBUG] field::process() type=31 step=3 units=3
[DEBUG] field::process() type=31 step=1 units=3
[DEBUG] field::process() type=31 step=2 units=3
[DEBUG] field::process() type=16 step=0 units=4
[DEBUG] before get_message engLen=12
[DEBUG] after get_message, msgType=0x10, before Analyze
[DEBUG] Analyze: engType=16
[DEBUG] WaitforResponse: playerid=0 active_field=3
[DEBUG] WaitforResponseAfterRewrite: playerid=0 active_field=3
[DEBUG] after Analyze, stop=1
[DEBUG] set_active_field: 3->3 new game_field=0000000000E0CFB0 temp_card=0000000000E154F0
[DEBUG] GetResponse ENTER: dp->type=3 active_field=3 len=4
[DEBUG] field::process() type=16 step=1 units=4
[DEBUG] field::process() type=31 step=3 units=3
[DEBUG] field::process() type=32 step=2 units=2
[DEBUG] field::process() type=42 step=0 units=3
[DEBUG] before get_message engLen=2
[DEBUG] after get_message, msgType=0x48, before Analyze
[DEBUG] Analyze: engType=72
[DEBUG] after Analyze, stop=0
[DEBUG] field::process() type=42 step=1 units=3
[DEBUG] field::process() type=42 step=2 units=3
[DEBUG] field::process() type=42 step=3 units=3
[DEBUG] field::process() type=42 step=4 units=3
[DEBUG] field::process() type=42 step=5 units=3
[DEBUG] before get_message engLen=2
[DEBUG] after get_message, msgType=0x49, before Analyze
[DEBUG] Analyze: engType=73
[DEBUG] after Analyze, stop=0
[DEBUG] field::process() type=42 step=10 units=3
[DEBUG] field::process() type=1 step=0 units=4
[DEBUG] field::process() type=1 step=1 units=4
[DEBUG] field::process() type=1 step=2 units=4
[DEBUG] field::process() type=5 step=0 units=5
[DEBUG] field::process() type=5 step=1 units=5
[DEBUG] field::process() type=5 step=3 units=5
[DEBUG] field::process() type=5 step=5 units=5
[DEBUG] field::process() type=5 step=7 units=5
[DEBUG] field::process() type=1 step=3 units=4
[DEBUG] field::process() type=1 step=4 units=4
[DEBUG] field::process() type=1 step=5 units=4
[DEBUG] field::process() type=1 step=8 units=4
[DEBUG] field::process() type=1 step=9 units=4
[DEBUG] field::process() type=1 step=10 units=4
[DEBUG] field::process() type=1 step=11 units=4
[DEBUG] field::process() type=1 step=12 units=4
[DEBUG] field::process() type=1 step=13 units=4
[DEBUG] field::process() type=1 step=14 units=4
[DEBUG] field::process() type=1 step=15 units=4
[DEBUG] field::process() type=1 step=16 units=4
[DEBUG] field::process() type=42 step=11 units=3
[DEBUG] field::process() type=42 step=12 units=3
[DEBUG] before get_message engLen=1
[DEBUG] after get_message, msgType=0x4a, before Analyze
[DEBUG] Analyze: engType=74
[DEBUG] after Analyze, stop=0
[DEBUG] field::process() type=42 step=13 units=3
[DEBUG] field::process() type=1 step=0 units=4
[DEBUG] field::process() type=1 step=1 units=4
[DEBUG] field::process() type=1 step=2 units=4
[DEBUG] field::process() type=5 step=0 units=5
[DEBUG] field::process() type=5 step=1 units=5
[DEBUG] field::process() type=5 step=3 units=5
[DEBUG] field::process() type=5 step=5 units=5
[DEBUG] field::process() type=5 step=7 units=5
[DEBUG] field::process() type=1 step=3 units=4
[DEBUG] field::process() type=1 step=4 units=4
[DEBUG] field::process() type=1 step=5 units=4
[DEBUG] field::process() type=1 step=8 units=4
[DEBUG] field::process() type=1 step=9 units=4
[DEBUG] field::process() type=1 step=10 units=4
[DEBUG] field::process() type=1 step=11 units=4
[DEBUG] field::process() type=1 step=12 units=4
[DEBUG] field::process() type=1 step=13 units=4
[DEBUG] field::process() type=1 step=14 units=4
[DEBUG] field::process() type=1 step=15 units=4
[DEBUG] field::process() type=1 step=16 units=4
[DEBUG] field::process() type=30 step=0 units=3
[DEBUG] field::process() type=30 step=2 units=3
[DEBUG] field::process() type=30 step=3 units=3
[DEBUG] field::process() type=30 step=4 units=3
[DEBUG] field::process() type=30 step=6 units=3
[DEBUG] field::process() type=30 step=7 units=3
[DEBUG] field::process() type=30 step=8 units=3
[DEBUG] field::process() type=30 step=9 units=3
[DEBUG] field::process() type=31 step=0 units=4
[DEBUG] field::process() type=31 step=1 units=4
[DEBUG] field::process() type=31 step=2 units=4
[DEBUG] field::process() type=16 step=0 units=5
[DEBUG] before get_message engLen=12
[DEBUG] after get_message, msgType=0x10, before Analyze
[DEBUG] Analyze: engType=16
[DEBUG] WaitforResponse: playerid=0 active_field=3
[DEBUG] WaitforResponseAfterRewrite: playerid=0 active_field=3
[DEBUG] after Analyze, stop=1
[DEBUG] set_active_field: 3->3 new game_field=0000000000E0CFB0 temp_card=0000000000E154F0
[DEBUG] GetResponse ENTER: dp->type=3 active_field=3 len=4
[DEBUG] field::process() type=16 step=1 units=5
[DEBUG] field::process() type=31 step=3 units=4
[DEBUG] field::process() type=31 step=1 units=4
[DEBUG] field::process() type=31 step=2 units=4
[DEBUG] field::process() type=16 step=0 units=5
[DEBUG] field::process() type=31 step=3 units=4
[DEBUG] field::process() type=30 step=10 units=3
[DEBUG] field::process() type=32 step=0 units=2
[DEBUG] field::process() type=10 step=0 units=3
[DEBUG] before get_message engLen=64
[DEBUG] after get_message, msgType=0xb, before Analyze
[DEBUG] Analyze: engType=11
[DEBUG] WaitforResponse: playerid=0 active_field=3
[DEBUG] WaitforResponseAfterRewrite: playerid=0 active_field=3
[DEBUG] after Analyze, stop=1
[DEBUG] set_active_field: 3->3 new game_field=0000000000E0CFB0 temp_card=0000000000E154F0
[DEBUG] GetResponse ENTER: dp->type=3 active_field=3 len=4
[DEBUG] field::process() type=10 step=1 units=3
[DEBUG] step是=1
[DEBUG] field::process() type=32 step=1 units=2
[DEBUG] field::process() type=40 step=0 units=4
[DEBUG] field::process() type=53 step=0 units=5
[DEBUG] before get_message engLen=7
[DEBUG] after get_message, msgType=0x2, before Analyze
[DEBUG] Analyze: engType=2
[DEBUG] after Analyze, stop=0
[DEBUG] field::process() type=18 step=0 units=6
[DEBUG] before get_message engLen=7
[DEBUG] after get_message, msgType=0x12, before Analyze
[DEBUG] Analyze: engType=18
[DEBUG] WaitforResponse: playerid=0 active_field=3
[DEBUG] WaitforResponseAfterRewrite: playerid=0 active_field=3
[DEBUG] after Analyze, stop=1
[DEBUG] set_active_field: 3->3 new game_field=0000000000E0CFB0 temp_card=0000000000E154F0
[DEBUG] GetResponse ENTER: dp->type=3 active_field=3 len=3
[DEBUG] field::process() type=18 step=1 units=6
[DEBUG] field::process() type=53 step=1 units=5
[DEBUG] field::process() type=53 step=2 units=5
[DEBUG] before get_message engLen=17
[DEBUG] after get_message, msgType=0x32, before Analyze
[DEBUG] Analyze: engType=50
[DEBUG] MSG_MOVE: cc=0 pc=0 cl=8 pl=2 active_field=3 IsBattleField=0
[DEBUG] after Analyze, stop=0
[DEBUG] field::process() type=53 step=3 units=5
[DEBUG] field::process() type=40 step=1 units=4
[DEBUG] before get_message engLen=17
[DEBUG] after get_message, msgType=0x46, before Analyze
[DEBUG] Analyze: engType=70
[DEBUG] after Analyze, stop=0
[DEBUG] field::process() type=40 step=2 units=4
[DEBUG] field::process() type=40 step=3 units=4
[DEBUG] field::process() type=40 step=5 units=4
[DEBUG] field::process() type=40 step=7 units=4
[DEBUG] field::process() type=40 step=8 units=4
[DEBUG] field::process() type=40 step=9 units=4
[DEBUG] before get_message engLen=2
[DEBUG] after get_message, msgType=0x47, before Analyze
[DEBUG] Analyze: engType=71
[DEBUG] after Analyze, stop=0
[DEBUG] field::process() type=1 step=0 units=4
[DEBUG] field::process() type=1 step=1 units=4
[DEBUG] field::process() type=1 step=2 units=4
[DEBUG] field::process() type=5 step=0 units=5
[DEBUG] field::process() type=5 step=1 units=5
[DEBUG] field::process() type=5 step=3 units=5
[DEBUG] field::process() type=5 step=5 units=5
[DEBUG] field::process() type=5 step=7 units=5
[DEBUG] field::process() type=1 step=3 units=4
[DEBUG] field::process() type=1 step=4 units=4
[DEBUG] field::process() type=1 step=5 units=4
[DEBUG] field::process() type=1 step=8 units=4
[DEBUG] field::process() type=1 step=9 units=4
[DEBUG] field::process() type=1 step=10 units=4
[DEBUG] field::process() type=1 step=11 units=4
[DEBUG] field::process() type=1 step=12 units=4
[DEBUG] field::process() type=1 step=13 units=4
[DEBUG] field::process() type=1 step=14 units=4
[DEBUG] field::process() type=1 step=15 units=4
[DEBUG] field::process() type=1 step=16 units=4
[DEBUG] field::process() type=31 step=0 units=3
[DEBUG] field::process() type=31 step=1 units=3
[DEBUG] field::process() type=31 step=2 units=3
[DEBUG] field::process() type=16 step=0 units=4
[DEBUG] field::process() type=31 step=3 units=3
[DEBUG] field::process() type=31 step=1 units=3
[DEBUG] field::process() type=31 step=2 units=3
[DEBUG] field::process() type=16 step=0 units=4
[DEBUG] before get_message engLen=12
[DEBUG] after get_message, msgType=0x10, before Analyze
[DEBUG] Analyze: engType=16
[DEBUG] WaitforResponse: playerid=0 active_field=3
[DEBUG] WaitforResponseAfterRewrite: playerid=0 active_field=3
[DEBUG] after Analyze, stop=1
[DEBUG] set_active_field: 3->3 new game_field=0000000000E0CFB0 temp_card=0000000000E154F0
[DEBUG] GetResponse ENTER: dp->type=3 active_field=3 len=4
[DEBUG] field::process() type=16 step=1 units=4
[DEBUG] field::process() type=31 step=3 units=3
[DEBUG] field::process() type=32 step=2 units=2
[DEBUG] field::process() type=42 step=0 units=3
[DEBUG] before get_message engLen=2
[DEBUG] after get_message, msgType=0x48, before Analyze
[DEBUG] Analyze: engType=72
[DEBUG] after Analyze, stop=0
[DEBUG] field::process() type=42 step=1 units=3
[DEBUG] field::process() type=42 step=2 units=3
[DEBUG] field::process() type=42 step=3 units=3
[DEBUG] field::process() type=42 step=4 units=3
[DEBUG] field::process() type=42 step=5 units=3
[DEBUG] before get_message engLen=2
[DEBUG] after get_message, msgType=0x49, before Analyze
[DEBUG] Analyze: engType=73
[DEBUG] after Analyze, stop=0
[DEBUG] field::process() type=42 step=10 units=3
[DEBUG] field::process() type=1 step=0 units=4
[DEBUG] field::process() type=1 step=1 units=4
[DEBUG] field::process() type=1 step=2 units=4
[DEBUG] field::process() type=5 step=0 units=5
[DEBUG] field::process() type=5 step=1 units=5
[DEBUG] field::process() type=5 step=3 units=5
[DEBUG] field::process() type=5 step=5 units=5
[DEBUG] field::process() type=5 step=7 units=5
[DEBUG] field::process() type=1 step=3 units=4
[DEBUG] field::process() type=1 step=4 units=4
[DEBUG] field::process() type=1 step=5 units=4
[DEBUG] field::process() type=1 step=8 units=4
[DEBUG] field::process() type=1 step=9 units=4
[DEBUG] field::process() type=1 step=10 units=4
[DEBUG] field::process() type=1 step=11 units=4
[DEBUG] field::process() type=1 step=12 units=4
[DEBUG] field::process() type=1 step=13 units=4
[DEBUG] field::process() type=1 step=14 units=4
[DEBUG] field::process() type=1 step=15 units=4
[DEBUG] field::process() type=1 step=16 units=4
[DEBUG] field::process() type=42 step=11 units=3
[DEBUG] field::process() type=42 step=12 units=3
[DEBUG] before get_message engLen=1
[DEBUG] after get_message, msgType=0x4a, before Analyze
[DEBUG] Analyze: engType=74
[DEBUG] after Analyze, stop=0
[DEBUG] field::process() type=42 step=13 units=3
[DEBUG] field::process() type=1 step=0 units=4
[DEBUG] field::process() type=1 step=1 units=4
[DEBUG] field::process() type=1 step=2 units=4
[DEBUG] field::process() type=5 step=0 units=5
[DEBUG] field::process() type=5 step=1 units=5
[DEBUG] field::process() type=5 step=3 units=5
[DEBUG] field::process() type=5 step=5 units=5
[DEBUG] field::process() type=5 step=7 units=5
[DEBUG] field::process() type=1 step=3 units=4
[DEBUG] field::process() type=1 step=4 units=4
[DEBUG] field::process() type=1 step=5 units=4
[DEBUG] field::process() type=1 step=8 units=4
[DEBUG] field::process() type=1 step=9 units=4
[DEBUG] field::process() type=1 step=10 units=4
[DEBUG] field::process() type=1 step=11 units=4
[DEBUG] field::process() type=1 step=12 units=4
[DEBUG] field::process() type=1 step=13 units=4
[DEBUG] field::process() type=1 step=14 units=4
[DEBUG] field::process() type=1 step=15 units=4
[DEBUG] field::process() type=1 step=16 units=4
[DEBUG] field::process() type=30 step=0 units=3
[DEBUG] field::process() type=30 step=2 units=3
[DEBUG] field::process() type=30 step=3 units=3
[DEBUG] field::process() type=30 step=4 units=3
[DEBUG] field::process() type=30 step=6 units=3
[DEBUG] field::process() type=30 step=7 units=3
[DEBUG] field::process() type=30 step=8 units=3
[DEBUG] field::process() type=30 step=9 units=3
[DEBUG] field::process() type=31 step=0 units=4
[DEBUG] field::process() type=31 step=1 units=4
[DEBUG] field::process() type=31 step=2 units=4
[DEBUG] field::process() type=16 step=0 units=5
[DEBUG] before get_message engLen=12
[DEBUG] after get_message, msgType=0x10, before Analyze
[DEBUG] Analyze: engType=16
[DEBUG] WaitforResponse: playerid=0 active_field=3
[DEBUG] WaitforResponseAfterRewrite: playerid=0 active_field=3
[DEBUG] after Analyze, stop=1
[DEBUG] set_active_field: 3->3 new game_field=0000000000E0CFB0 temp_card=0000000000E154F0
[DEBUG] GetResponse ENTER: dp->type=3 active_field=3 len=4
[DEBUG] field::process() type=16 step=1 units=5
[DEBUG] field::process() type=31 step=3 units=4
[DEBUG] field::process() type=31 step=1 units=4
[DEBUG] field::process() type=31 step=2 units=4
[DEBUG] field::process() type=16 step=0 units=5
[DEBUG] field::process() type=31 step=3 units=4
[DEBUG] field::process() type=30 step=10 units=3
[DEBUG] field::process() type=32 step=0 units=2
[DEBUG] field::process() type=10 step=0 units=3
[DEBUG] before get_message engLen=46
[DEBUG] after get_message, msgType=0xb, before Analyze
[DEBUG] Analyze: engType=11
[DEBUG] WaitforResponse: playerid=0 active_field=3
[DEBUG] WaitforResponseAfterRewrite: playerid=0 active_field=3
[DEBUG] after Analyze, stop=1
[DEBUG] set_active_field: 3->3 new game_field=0000000000E0CFB0 temp_card=0000000000E154F0
[DEBUG] GetResponse ENTER: dp->type=3 active_field=3 len=4
[DEBUG] field::process() type=10 step=1 units=3
[DEBUG] step是=1
[DEBUG] field::process() type=32 step=1 units=2
[DEBUG] field::process() type=32 step=5 units=2
[DEBUG] field::process() type=60 step=0 units=3
[DEBUG] field::process() type=60 step=1 units=3
[DEBUG] field::process() type=60 step=2 units=3
[DEBUG] field::process() type=60 step=4 units=3
[DEBUG] field::process() type=60 step=5 units=3
[DEBUG] field::process() type=60 step=7 units=3
[DEBUG] field::process() type=60 step=8 units=3
[DEBUG] field::process() type=53 step=0 units=4
[DEBUG] before get_message engLen=7
[DEBUG] after get_message, msgType=0x2, before Analyze
[DEBUG] Analyze: engType=2
[DEBUG] after Analyze, stop=0
[DEBUG] field::process() type=18 step=0 units=5
[DEBUG] before get_message engLen=7
[DEBUG] after get_message, msgType=0x12, before Analyze
[DEBUG] Analyze: engType=18
[DEBUG] WaitforResponse: playerid=0 active_field=3
[DEBUG] WaitforResponseAfterRewrite: playerid=0 active_field=3
[DEBUG] after Analyze, stop=1
[DEBUG] set_active_field: 3->3 new game_field=0000000000E0CFB0 temp_card=0000000000E154F0
[DEBUG] GetResponse ENTER: dp->type=3 active_field=3 len=3
[DEBUG] field::process() type=18 step=1 units=5
[DEBUG] field::process() type=53 step=1 units=4
[DEBUG] field::process() type=19 step=0 units=5
[DEBUG] field::process() type=53 step=2 units=4
[DEBUG] before get_message engLen=17
[DEBUG] after get_message, msgType=0x32, before Analyze
[DEBUG] Analyze: engType=50
[DEBUG] MSG_MOVE: cc=0 pc=0 cl=4 pl=2 active_field=3 IsBattleField=0
[DEBUG] after Analyze, stop=0
[DEBUG] field::process() type=53 step=3 units=4
[DEBUG] field::process() type=60 step=11 units=3
[DEBUG] before get_message engLen=9
[DEBUG] after get_message, msgType=0x3c, before Analyze
[DEBUG] Analyze: engType=60
[DEBUG] after Analyze, stop=0
[DEBUG] field::process() type=60 step=12 units=3
[DEBUG] field::process() type=60 step=13 units=3
[DEBUG] field::process() type=30 step=0 units=4
[DEBUG] field::process() type=30 step=8 units=4
[DEBUG] field::process() type=30 step=9 units=4
[DEBUG] field::process() type=31 step=0 units=5
[DEBUG] field::process() type=31 step=1 units=5
[DEBUG] field::process() type=31 step=2 units=5
[DEBUG] field::process() type=16 step=0 units=6
[DEBUG] before get_message engLen=12
[DEBUG] after get_message, msgType=0x10, before Analyze
[DEBUG] Analyze: engType=16
[DEBUG] WaitforResponse: playerid=0 active_field=3
[DEBUG] WaitforResponseAfterRewrite: playerid=0 active_field=3
[DEBUG] after Analyze, stop=1
[DEBUG] set_active_field: 3->3 new game_field=0000000000E0CFB0 temp_card=0000000000E154F0
[DEBUG] GetResponse ENTER: dp->type=3 active_field=3 len=4
[DEBUG] field::process() type=16 step=1 units=6
[DEBUG] field::process() type=31 step=3 units=5
[DEBUG] field::process() type=31 step=1 units=5
[DEBUG] field::process() type=31 step=2 units=5
[DEBUG] field::process() type=16 step=0 units=6
[DEBUG] field::process() type=31 step=3 units=5
[DEBUG] field::process() type=30 step=10 units=4
[DEBUG] field::process() type=60 step=14 units=3
[DEBUG] field::process() type=60 step=15 units=3
[DEBUG] field::process() type=60 step=16 units=3
[DEBUG] before get_message engLen=1
[DEBUG] after get_message, msgType=0x3d, before Analyze
[DEBUG] Analyze: engType=61
[DEBUG] after Analyze, stop=0
[DEBUG] field::process() type=60 step=17 units=3
[DEBUG] field::process() type=1 step=0 units=4
[DEBUG] field::process() type=1 step=1 units=4
[DEBUG] field::process() type=1 step=2 units=4
[DEBUG] field::process() type=5 step=0 units=5
[DEBUG] field::process() type=5 step=1 units=5
[DEBUG] field::process() type=5 step=3 units=5
[DEBUG] field::process() type=5 step=5 units=5
[DEBUG] field::process() type=5 step=7 units=5
[DEBUG] field::process() type=1 step=3 units=4
[DEBUG] field::process() type=1 step=4 units=4
[DEBUG] field::process() type=1 step=5 units=4
[DEBUG] field::process() type=1 step=8 units=4
[DEBUG] field::process() type=1 step=9 units=4
[DEBUG] field::process() type=1 step=10 units=4
[DEBUG] field::process() type=1 step=11 units=4
[DEBUG] field::process() type=1 step=12 units=4
[DEBUG] field::process() type=1 step=13 units=4
[DEBUG] field::process() type=1 step=14 units=4
[DEBUG] field::process() type=1 step=15 units=4
[DEBUG] field::process() type=1 step=16 units=4
[DEBUG] field::process() type=30 step=0 units=3
[DEBUG] field::process() type=30 step=2 units=3
[DEBUG] field::process() type=30 step=3 units=3
[DEBUG] field::process() type=30 step=4 units=3
[DEBUG] field::process() type=30 step=6 units=3
[DEBUG] field::process() type=30 step=7 units=3
[DEBUG] field::process() type=30 step=8 units=3
[DEBUG] field::process() type=30 step=9 units=3
[DEBUG] field::process() type=31 step=0 units=4
[DEBUG] field::process() type=31 step=1 units=4
[DEBUG] field::process() type=31 step=2 units=4
[DEBUG] field::process() type=16 step=0 units=5
[DEBUG] before get_message engLen=12
[DEBUG] after get_message, msgType=0x10, before Analyze
[DEBUG] Analyze: engType=16
[DEBUG] WaitforResponse: playerid=0 active_field=3
[DEBUG] WaitforResponseAfterRewrite: playerid=0 active_field=3
[DEBUG] after Analyze, stop=1
[DEBUG] set_active_field: 3->3 new game_field=0000000000E0CFB0 temp_card=0000000000E154F0
[DEBUG] GetResponse ENTER: dp->type=3 active_field=3 len=4
[DEBUG] field::process() type=16 step=1 units=5
[DEBUG] field::process() type=31 step=3 units=4
[DEBUG] field::process() type=31 step=1 units=4
[DEBUG] field::process() type=31 step=2 units=4
[DEBUG] field::process() type=16 step=0 units=5
[DEBUG] field::process() type=31 step=3 units=4
[DEBUG] field::process() type=30 step=10 units=3
[DEBUG] field::process() type=32 step=0 units=2
[DEBUG] field::process() type=10 step=0 units=3
[DEBUG] before get_message engLen=47
[DEBUG] after get_message, msgType=0xb, before Analyze
[DEBUG] Analyze: engType=11
[DEBUG] WaitforResponse: playerid=0 active_field=3
[DEBUG] WaitforResponseAfterRewrite: playerid=0 active_field=3
[DEBUG] after Analyze, stop=1
[DEBUG] set_active_field: 3->3 new game_field=0000000000E0CFB0 temp_card=0000000000E154F0
[DEBUG] GetResponse ENTER: dp->type=3 active_field=3 len=4
[DEBUG] field::process() type=10 step=1 units=3
[DEBUG] step是=1
[DEBUG] field::process() type=32 step=1 units=2
[DEBUG] field::process() type=40 step=0 units=4
[DEBUG] field::process() type=53 step=0 units=5
[DEBUG] before get_message engLen=7
[DEBUG] after get_message, msgType=0x2, before Analyze
[DEBUG] Analyze: engType=2
[DEBUG] after Analyze, stop=0
[DEBUG] field::process() type=18 step=0 units=6
[DEBUG] before get_message engLen=7
[DEBUG] after get_message, msgType=0x12, before Analyze
[DEBUG] Analyze: engType=18
[DEBUG] WaitforResponse: playerid=0 active_field=3
[DEBUG] WaitforResponseAfterRewrite: playerid=0 active_field=3
[DEBUG] after Analyze, stop=1
[DEBUG] set_active_field: 3->3 new game_field=0000000000E0CFB0 temp_card=0000000000E154F0
[DEBUG] GetResponse ENTER: dp->type=3 active_field=3 len=3
[DEBUG] field::process() type=18 step=1 units=6
[DEBUG] field::process() type=53 step=1 units=5
[DEBUG] field::process() type=53 step=2 units=5
[DEBUG] before get_message engLen=17
[DEBUG] after get_message, msgType=0x32, before Analyze
[DEBUG] Analyze: engType=50
[DEBUG] MSG_MOVE: cc=0 pc=0 cl=8 pl=2 active_field=3 IsBattleField=0
[DEBUG] after Analyze, stop=0
[DEBUG] field::process() type=53 step=3 units=5
[DEBUG] field::process() type=40 step=1 units=4
[DEBUG] before get_message engLen=17
[DEBUG] after get_message, msgType=0x46, before Analyze
[DEBUG] Analyze: engType=70
[DEBUG] after Analyze, stop=0
[DEBUG] field::process() type=40 step=2 units=4
[DEBUG] field::process() type=40 step=3 units=4
[DEBUG] field::process() type=40 step=5 units=4
[DEBUG] field::process() type=40 step=7 units=4
[DEBUG] field::process() type=40 step=8 units=4
[DEBUG] field::process() type=46 step=0 units=5
[DEBUG] before get_message engLen=7
[DEBUG] after get_message, msgType=0x2, before Analyze
[DEBUG] Analyze: engType=2
[DEBUG] after Analyze, stop=0
[DEBUG] field::process() type=15 step=0 units=6
[DEBUG] before get_message engLen=14
[DEBUG] after get_message, msgType=0xf, before Analyze
[DEBUG] Analyze: engType=15
[DEBUG] WaitforResponse: playerid=0 active_field=3
[DEBUG] WaitforResponseAfterRewrite: playerid=0 active_field=3
[DEBUG] after Analyze, stop=1
[DEBUG] set_active_field: 3->3 new game_field=0000000000E0CFB0 temp_card=0000000000E154F0
[DEBUG] GetResponse ENTER: dp->type=3 active_field=3 len=2
[DEBUG] field::process() type=15 step=1 units=6
[DEBUG] field::process() type=46 step=1 units=5
[DEBUG] before get_message engLen=6
[DEBUG] after get_message, msgType=0x53, before Analyze
[DEBUG] Analyze: engType=83
[DEBUG] after Analyze, stop=0
[DEBUG] field::process() type=40 step=9 units=4
[DEBUG] before get_message engLen=2
[DEBUG] after get_message, msgType=0x47, before Analyze
[DEBUG] Analyze: engType=71
[DEBUG] after Analyze, stop=0
[DEBUG] field::process() type=1 step=0 units=4
[DEBUG] field::process() type=1 step=1 units=4
[DEBUG] field::process() type=1 step=2 units=4
[DEBUG] field::process() type=5 step=0 units=5
[DEBUG] field::process() type=5 step=1 units=5
[DEBUG] field::process() type=5 step=3 units=5
[DEBUG] field::process() type=5 step=5 units=5
[DEBUG] field::process() type=5 step=7 units=5
[DEBUG] field::process() type=1 step=3 units=4
[DEBUG] field::process() type=1 step=4 units=4
[DEBUG] field::process() type=1 step=5 units=4
[DEBUG] field::process() type=1 step=8 units=4
[DEBUG] field::process() type=1 step=9 units=4
[DEBUG] field::process() type=1 step=10 units=4
[DEBUG] field::process() type=1 step=11 units=4
[DEBUG] field::process() type=1 step=12 units=4
[DEBUG] field::process() type=1 step=13 units=4
[DEBUG] field::process() type=1 step=14 units=4
[DEBUG] field::process() type=1 step=15 units=4
[DEBUG] field::process() type=1 step=16 units=4
[DEBUG] field::process() type=31 step=0 units=3
[DEBUG] field::process() type=31 step=1 units=3
[DEBUG] field::process() type=31 step=2 units=3
[DEBUG] field::process() type=16 step=0 units=4
[DEBUG] field::process() type=31 step=3 units=3
[DEBUG] field::process() type=31 step=1 units=3
[DEBUG] field::process() type=31 step=2 units=3
[DEBUG] field::process() type=16 step=0 units=4
[DEBUG] before get_message engLen=12
[DEBUG] after get_message, msgType=0x10, before Analyze
[DEBUG] Analyze: engType=16
[DEBUG] WaitforResponse: playerid=0 active_field=3
[DEBUG] WaitforResponseAfterRewrite: playerid=0 active_field=3
[DEBUG] after Analyze, stop=1
[DEBUG] set_active_field: 3->3 new game_field=0000000000E0CFB0 temp_card=0000000000E154F0
[DEBUG] GetResponse ENTER: dp->type=3 active_field=3 len=4
[DEBUG] field::process() type=16 step=1 units=4
[DEBUG] field::process() type=31 step=3 units=3
[DEBUG] field::process() type=32 step=2 units=2
[DEBUG] field::process() type=42 step=0 units=3
[DEBUG] before get_message engLen=2
[DEBUG] after get_message, msgType=0x48, before Analyze
[DEBUG] Analyze: engType=72
[DEBUG] after Analyze, stop=0
[DEBUG] field::process() type=42 step=1 units=3
[DEBUG] field::process() type=42 step=2 units=3
[DEBUG] field::process() type=42 step=3 units=3
[DEBUG] field::process() type=45 step=0 units=4
[DEBUG] field::process() type=73 step=0 units=5
[DEBUG] field::process() type=73 step=1 units=5
[DEBUG] before get_message engLen=9
[DEBUG] after get_message, msgType=0x5d, before Analyze
[DEBUG] Analyze: engType=93
[DEBUG] after Analyze, stop=0
[DEBUG] field::process() type=73 step=2 units=5
[DEBUG] field::process() type=45 step=1 units=4
[DEBUG] field::process() type=42 step=4 units=3
[DEBUG] field::process() type=42 step=5 units=3
[DEBUG] before get_message engLen=2
[DEBUG] after get_message, msgType=0x49, before Analyze
[DEBUG] Analyze: engType=73
[DEBUG] after Analyze, stop=0
[DEBUG] field::process() type=42 step=10 units=3
[DEBUG] field::process() type=1 step=0 units=4
[DEBUG] field::process() type=1 step=1 units=4
[DEBUG] field::process() type=1 step=2 units=4
[DEBUG] field::process() type=5 step=0 units=5
[DEBUG] field::process() type=5 step=1 units=5
[DEBUG] field::process() type=5 step=3 units=5
[DEBUG] field::process() type=5 step=5 units=5
[DEBUG] field::process() type=5 step=7 units=5
[DEBUG] field::process() type=1 step=3 units=4
[DEBUG] field::process() type=1 step=4 units=4
[DEBUG] field::process() type=1 step=5 units=4
[DEBUG] field::process() type=1 step=8 units=4
[DEBUG] field::process() type=1 step=9 units=4
[DEBUG] field::process() type=1 step=10 units=4
[DEBUG] field::process() type=1 step=11 units=4
[DEBUG] field::process() type=1 step=12 units=4
[DEBUG] field::process() type=1 step=13 units=4
[DEBUG] field::process() type=1 step=14 units=4
[DEBUG] field::process() type=1 step=15 units=4
[DEBUG] field::process() type=1 step=16 units=4
[DEBUG] field::process() type=42 step=11 units=3
[DEBUG] field::process() type=42 step=12 units=3
[DEBUG] before get_message engLen=1
[DEBUG] after get_message, msgType=0x4a, before Analyze
[DEBUG] Analyze: engType=74
[DEBUG] after Analyze, stop=0
[DEBUG] field::process() type=42 step=13 units=3
[DEBUG] field::process() type=1 step=0 units=4
[DEBUG] field::process() type=1 step=1 units=4
[DEBUG] field::process() type=1 step=2 units=4
[DEBUG] field::process() type=5 step=0 units=5
[DEBUG] field::process() type=5 step=1 units=5
[DEBUG] field::process() type=5 step=3 units=5
[DEBUG] field::process() type=5 step=5 units=5
[DEBUG] field::process() type=5 step=7 units=5
[DEBUG] field::process() type=1 step=3 units=4
[DEBUG] field::process() type=1 step=4 units=4
[DEBUG] field::process() type=1 step=5 units=4
[DEBUG] field::process() type=1 step=8 units=4
[DEBUG] field::process() type=1 step=9 units=4
[DEBUG] field::process() type=1 step=10 units=4
[DEBUG] field::process() type=1 step=11 units=4
[DEBUG] field::process() type=1 step=12 units=4
[DEBUG] field::process() type=1 step=13 units=4
[DEBUG] field::process() type=1 step=14 units=4
[DEBUG] field::process() type=1 step=15 units=4
[DEBUG] field::process() type=1 step=16 units=4
[DEBUG] field::process() type=30 step=0 units=3
[DEBUG] field::process() type=30 step=2 units=3
[DEBUG] field::process() type=30 step=3 units=3
[DEBUG] field::process() type=30 step=4 units=3
[DEBUG] field::process() type=30 step=6 units=3
[DEBUG] field::process() type=30 step=7 units=3
[DEBUG] field::process() type=30 step=8 units=3
[DEBUG] field::process() type=30 step=9 units=3
[DEBUG] field::process() type=31 step=0 units=4
[DEBUG] field::process() type=31 step=1 units=4
[DEBUG] field::process() type=31 step=2 units=4
[DEBUG] field::process() type=16 step=0 units=5
[DEBUG] before get_message engLen=12
[DEBUG] after get_message, msgType=0x10, before Analyze
[DEBUG] Analyze: engType=16
[DEBUG] WaitforResponse: playerid=0 active_field=3
[DEBUG] WaitforResponseAfterRewrite: playerid=0 active_field=3
[DEBUG] after Analyze, stop=1
[DEBUG] set_active_field: 3->3 new game_field=0000000000E0CFB0 temp_card=0000000000E154F0
[DEBUG] GetResponse ENTER: dp->type=3 active_field=3 len=4
[DEBUG] field::process() type=16 step=1 units=5
[DEBUG] field::process() type=31 step=3 units=4
[DEBUG] field::process() type=31 step=1 units=4
[DEBUG] field::process() type=31 step=2 units=4
[DEBUG] field::process() type=16 step=0 units=5
[DEBUG] field::process() type=31 step=3 units=4
[DEBUG] field::process() type=30 step=10 units=3
[DEBUG] field::process() type=32 step=0 units=2
[DEBUG] field::process() type=10 step=0 units=3
[DEBUG] before get_message engLen=29
[DEBUG] after get_message, msgType=0xb, before Analyze
[DEBUG] Analyze: engType=11
[DEBUG] WaitforResponse: playerid=0 active_field=3
[DEBUG] WaitforResponseAfterRewrite: playerid=0 active_field=3
[DEBUG] after Analyze, stop=1
[DEBUG] set_active_field: 3->2 new game_field=0000000000E0A610 temp_card=0000000000E0C9C0
[DEBUG] GetResponse ENTER: dp->type=2 active_field=2 len=4
[DEBUG] field::process() type=10 step=1 units=3
[DEBUG] step是=1
[DEBUG] field::process() type=32 step=1 units=2
[DEBUG] field::process() type=40 step=0 units=4
[DEBUG] field::process() type=53 step=0 units=5
[DEBUG] before get_message engLen=7
[DEBUG] after get_message, msgType=0x2, before Analyze
[DEBUG] Analyze: engType=2
[DEBUG] after Analyze, stop=0
[DEBUG] field::process() type=18 step=0 units=6
[DEBUG] before get_message engLen=7
[DEBUG] after get_message, msgType=0x12, before Analyze
[DEBUG] Analyze: engType=18
[DEBUG] WaitforResponse: playerid=0 active_field=2
[DEBUG] WaitforResponseAfterRewrite: playerid=0 active_field=2
[DEBUG] after Analyze, stop=1
[DEBUG] set_active_field: 2->2 new game_field=0000000000E0A610 temp_card=0000000000E0C9C0
[DEBUG] GetResponse ENTER: dp->type=2 active_field=2 len=3
[DEBUG] field::process() type=18 step=1 units=6
[DEBUG] field::process() type=53 step=1 units=5
[DEBUG] field::process() type=53 step=2 units=5
[DEBUG] before get_message engLen=17
[DEBUG] after get_message, msgType=0x32, before Analyze
[DEBUG] Analyze: engType=50
[DEBUG] MSG_MOVE: cc=0 pc=0 cl=8 pl=2 active_field=2 IsBattleField=0
[DEBUG] after Analyze, stop=0
[DEBUG] field::process() type=53 step=3 units=5
[DEBUG] field::process() type=40 step=1 units=4
[DEBUG] before get_message engLen=17
[DEBUG] after get_message, msgType=0x46, before Analyze
[DEBUG] Analyze: engType=70
[DEBUG] after Analyze, stop=0
[DEBUG] field::process() type=40 step=2 units=4
[DEBUG] field::process() type=40 step=3 units=4
[DEBUG] field::process() type=40 step=5 units=4
[DEBUG] field::process() type=40 step=7 units=4
[DEBUG] field::process() type=40 step=8 units=4
[DEBUG] field::process() type=40 step=9 units=4
[DEBUG] before get_message engLen=2
[DEBUG] after get_message, msgType=0x47, before Analyze
[DEBUG] Analyze: engType=71
[DEBUG] after Analyze, stop=0
[DEBUG] field::process() type=1 step=0 units=4
[DEBUG] field::process() type=1 step=1 units=4
[DEBUG] field::process() type=1 step=2 units=4
[DEBUG] field::process() type=5 step=0 units=5
[DEBUG] field::process() type=5 step=1 units=5
[DEBUG] field::process() type=5 step=3 units=5
[DEBUG] field::process() type=5 step=5 units=5
[DEBUG] field::process() type=5 step=7 units=5
[DEBUG] field::process() type=1 step=3 units=4
[DEBUG] field::process() type=1 step=4 units=4
[DEBUG] field::process() type=1 step=5 units=4
[DEBUG] field::process() type=1 step=8 units=4
[DEBUG] field::process() type=1 step=9 units=4
[DEBUG] field::process() type=1 step=10 units=4
[DEBUG] field::process() type=1 step=11 units=4
[DEBUG] field::process() type=1 step=12 units=4
[DEBUG] field::process() type=1 step=13 units=4
[DEBUG] field::process() type=1 step=14 units=4
[DEBUG] field::process() type=1 step=15 units=4
[DEBUG] field::process() type=1 step=16 units=4
[DEBUG] field::process() type=31 step=0 units=3
[DEBUG] field::process() type=31 step=1 units=3
[DEBUG] field::process() type=31 step=2 units=3
[DEBUG] field::process() type=16 step=0 units=4
[DEBUG] field::process() type=31 step=3 units=3
[DEBUG] field::process() type=31 step=1 units=3
[DEBUG] field::process() type=31 step=2 units=3
[DEBUG] field::process() type=16 step=0 units=4
[DEBUG] before get_message engLen=12
[DEBUG] after get_message, msgType=0x10, before Analyze
[DEBUG] Analyze: engType=16
[DEBUG] WaitforResponse: playerid=0 active_field=2
[DEBUG] WaitforResponseAfterRewrite: playerid=0 active_field=2
[DEBUG] after Analyze, stop=1
[DEBUG] set_active_field: 2->2 new game_field=0000000000E0A610 temp_card=0000000000E0C9C0
[DEBUG] GetResponse ENTER: dp->type=2 active_field=2 len=4
[DEBUG] field::process() type=16 step=1 units=4
[DEBUG] field::process() type=31 step=3 units=3
[DEBUG] field::process() type=32 step=2 units=2
[DEBUG] field::process() type=42 step=0 units=3
[DEBUG] before get_message engLen=2
[DEBUG] after get_message, msgType=0x48, before Analyze
[DEBUG] Analyze: engType=72
[DEBUG] after Analyze, stop=0
[DEBUG] field::process() type=42 step=1 units=3
[DEBUG] field::process() type=42 step=2 units=3
[DEBUG] field::process() type=42 step=3 units=3
[DEBUG] field::process() type=42 step=4 units=3
[DEBUG] field::process() type=42 step=5 units=3
[DEBUG] before get_message engLen=2
[DEBUG] after get_message, msgType=0x49, before Analyze
[DEBUG] Analyze: engType=73
[DEBUG] after Analyze, stop=0
[DEBUG] field::process() type=42 step=10 units=3
[DEBUG] field::process() type=1 step=0 units=4
[DEBUG] field::process() type=1 step=1 units=4
[DEBUG] field::process() type=1 step=2 units=4
[DEBUG] field::process() type=5 step=0 units=5
[DEBUG] field::process() type=5 step=1 units=5
[DEBUG] field::process() type=5 step=3 units=5
[DEBUG] field::process() type=5 step=5 units=5
[DEBUG] field::process() type=5 step=7 units=5
[DEBUG] field::process() type=1 step=3 units=4
[DEBUG] field::process() type=1 step=4 units=4
[DEBUG] field::process() type=1 step=5 units=4
[DEBUG] field::process() type=1 step=8 units=4
[DEBUG] field::process() type=1 step=9 units=4
[DEBUG] field::process() type=1 step=10 units=4
[DEBUG] field::process() type=1 step=11 units=4
[DEBUG] field::process() type=1 step=12 units=4
[DEBUG] field::process() type=1 step=13 units=4
[DEBUG] field::process() type=1 step=14 units=4
[DEBUG] field::process() type=1 step=15 units=4
[DEBUG] field::process() type=1 step=16 units=4
[DEBUG] field::process() type=42 step=11 units=3
[DEBUG] field::process() type=42 step=12 units=3
[DEBUG] before get_message engLen=1
[DEBUG] after get_message, msgType=0x4a, before Analyze
[DEBUG] Analyze: engType=74
[DEBUG] after Analyze, stop=0
[DEBUG] field::process() type=42 step=13 units=3
[DEBUG] field::process() type=1 step=0 units=4
[DEBUG] field::process() type=1 step=1 units=4
[DEBUG] field::process() type=1 step=2 units=4
[DEBUG] field::process() type=5 step=0 units=5
[DEBUG] field::process() type=5 step=1 units=5
[DEBUG] field::process() type=5 step=3 units=5
[DEBUG] field::process() type=5 step=5 units=5
[DEBUG] field::process() type=5 step=7 units=5
[DEBUG] field::process() type=1 step=3 units=4
[DEBUG] field::process() type=1 step=4 units=4
[DEBUG] field::process() type=1 step=5 units=4
[DEBUG] field::process() type=1 step=8 units=4
[DEBUG] field::process() type=1 step=9 units=4
[DEBUG] field::process() type=1 step=10 units=4
[DEBUG] field::process() type=1 step=11 units=4
[DEBUG] field::process() type=1 step=12 units=4
[DEBUG] field::process() type=1 step=13 units=4
[DEBUG] field::process() type=1 step=14 units=4
[DEBUG] field::process() type=1 step=15 units=4
[DEBUG] field::process() type=1 step=16 units=4
[DEBUG] field::process() type=30 step=0 units=3
[DEBUG] field::process() type=30 step=2 units=3
[DEBUG] field::process() type=30 step=3 units=3
[DEBUG] field::process() type=30 step=4 units=3
[DEBUG] field::process() type=30 step=6 units=3
[DEBUG] field::process() type=30 step=7 units=3
[DEBUG] field::process() type=30 step=8 units=3
[DEBUG] field::process() type=30 step=9 units=3
[DEBUG] field::process() type=31 step=0 units=4
[DEBUG] field::process() type=31 step=1 units=4
[DEBUG] field::process() type=31 step=2 units=4
[DEBUG] field::process() type=16 step=0 units=5
[DEBUG] before get_message engLen=12
[DEBUG] after get_message, msgType=0x10, before Analyze
[DEBUG] Analyze: engType=16
[DEBUG] WaitforResponse: playerid=0 active_field=2
[DEBUG] WaitforResponseAfterRewrite: playerid=0 active_field=2
[DEBUG] after Analyze, stop=1
[DEBUG] set_active_field: 2->2 new game_field=0000000000E0A610 temp_card=0000000000E0C9C0
[DEBUG] GetResponse ENTER: dp->type=2 active_field=2 len=4
[DEBUG] field::process() type=16 step=1 units=5
[DEBUG] field::process() type=31 step=3 units=4
[DEBUG] field::process() type=31 step=1 units=4
[DEBUG] field::process() type=31 step=2 units=4
[DEBUG] field::process() type=16 step=0 units=5
[DEBUG] field::process() type=31 step=3 units=4
[DEBUG] field::process() type=30 step=10 units=3
[DEBUG] field::process() type=32 step=0 units=2
[DEBUG] field::process() type=10 step=0 units=3
[DEBUG] before get_message engLen=64
[DEBUG] after get_message, msgType=0xb, before Analyze
[DEBUG] Analyze: engType=11
[DEBUG] WaitforResponse: playerid=0 active_field=2
[DEBUG] WaitforResponseAfterRewrite: playerid=0 active_field=2
[DEBUG] after Analyze, stop=1
[DEBUG] set_active_field: 2->2 new game_field=0000000000E0A610 temp_card=0000000000E0C9C0
[DEBUG] GetResponse ENTER: dp->type=2 active_field=2 len=4
[DEBUG] field::process() type=10 step=1 units=3
[DEBUG] step是=1
[DEBUG] field::process() type=32 step=1 units=2
[DEBUG] field::process() type=40 step=0 units=4
[DEBUG] field::process() type=53 step=0 units=5
[DEBUG] before get_message engLen=7
[DEBUG] after get_message, msgType=0x2, before Analyze
[DEBUG] Analyze: engType=2
[DEBUG] after Analyze, stop=0
[DEBUG] field::process() type=18 step=0 units=6
[DEBUG] before get_message engLen=7
[DEBUG] after get_message, msgType=0x12, before Analyze
[DEBUG] Analyze: engType=18
[DEBUG] WaitforResponse: playerid=0 active_field=2
[DEBUG] WaitforResponseAfterRewrite: playerid=0 active_field=2
[DEBUG] after Analyze, stop=1
[DEBUG] set_active_field: 2->2 new game_field=0000000000E0A610 temp_card=0000000000E0C9C0
[DEBUG] GetResponse ENTER: dp->type=2 active_field=2 len=3
[DEBUG] field::process() type=18 step=1 units=6
[DEBUG] field::process() type=53 step=1 units=5
[DEBUG] field::process() type=53 step=2 units=5
[DEBUG] before get_message engLen=17
[DEBUG] after get_message, msgType=0x32, before Analyze
[DEBUG] Analyze: engType=50
[DEBUG] MSG_MOVE: cc=0 pc=0 cl=8 pl=2 active_field=2 IsBattleField=0
[DEBUG] after Analyze, stop=0
[DEBUG] field::process() type=53 step=3 units=5
[DEBUG] field::process() type=40 step=1 units=4
[DEBUG] before get_message engLen=17
[DEBUG] after get_message, msgType=0x46, before Analyze
[DEBUG] Analyze: engType=70
[DEBUG] after Analyze, stop=0
[DEBUG] field::process() type=40 step=2 units=4
[DEBUG] field::process() type=40 step=3 units=4
[DEBUG] field::process() type=40 step=5 units=4
[DEBUG] field::process() type=40 step=7 units=4
[DEBUG] field::process() type=40 step=8 units=4
[DEBUG] field::process() type=40 step=9 units=4
[DEBUG] before get_message engLen=2
[DEBUG] after get_message, msgType=0x47, before Analyze
[DEBUG] Analyze: engType=71
[DEBUG] after Analyze, stop=0
[DEBUG] field::process() type=1 step=0 units=4
[DEBUG] field::process() type=1 step=1 units=4
[DEBUG] field::process() type=1 step=2 units=4
[DEBUG] field::process() type=5 step=0 units=5
[DEBUG] field::process() type=5 step=1 units=5
[DEBUG] field::process() type=5 step=3 units=5
[DEBUG] field::process() type=5 step=5 units=5
[DEBUG] field::process() type=5 step=7 units=5
[DEBUG] field::process() type=1 step=3 units=4
[DEBUG] field::process() type=1 step=4 units=4
[DEBUG] field::process() type=1 step=5 units=4
[DEBUG] field::process() type=1 step=8 units=4
[DEBUG] field::process() type=1 step=9 units=4
[DEBUG] field::process() type=1 step=10 units=4
[DEBUG] field::process() type=1 step=11 units=4
[DEBUG] field::process() type=1 step=12 units=4
[DEBUG] field::process() type=1 step=13 units=4
[DEBUG] field::process() type=1 step=14 units=4
[DEBUG] field::process() type=1 step=15 units=4
[DEBUG] field::process() type=1 step=16 units=4
[DEBUG] field::process() type=31 step=0 units=3
[DEBUG] field::process() type=31 step=1 units=3
[DEBUG] field::process() type=31 step=2 units=3
[DEBUG] field::process() type=16 step=0 units=4
[DEBUG] field::process() type=31 step=3 units=3
[DEBUG] field::process() type=31 step=1 units=3
[DEBUG] field::process() type=31 step=2 units=3
[DEBUG] field::process() type=16 step=0 units=4
[DEBUG] before get_message engLen=12
[DEBUG] after get_message, msgType=0x10, before Analyze
[DEBUG] Analyze: engType=16
[DEBUG] WaitforResponse: playerid=0 active_field=2
[DEBUG] WaitforResponseAfterRewrite: playerid=0 active_field=2
[DEBUG] after Analyze, stop=1
[DEBUG] set_active_field: 2->2 new game_field=0000000000E0A610 temp_card=0000000000E0C9C0
[DEBUG] GetResponse ENTER: dp->type=2 active_field=2 len=4
[DEBUG] field::process() type=16 step=1 units=4
[DEBUG] field::process() type=31 step=3 units=3
[DEBUG] field::process() type=32 step=2 units=2
[DEBUG] field::process() type=42 step=0 units=3
[DEBUG] before get_message engLen=2
[DEBUG] after get_message, msgType=0x48, before Analyze
[DEBUG] Analyze: engType=72
[DEBUG] after Analyze, stop=0
[DEBUG] field::process() type=42 step=1 units=3
[DEBUG] field::process() type=42 step=2 units=3
[DEBUG] field::process() type=42 step=3 units=3
[DEBUG] field::process() type=42 step=4 units=3
[DEBUG] field::process() type=42 step=5 units=3
[DEBUG] before get_message engLen=2
[DEBUG] after get_message, msgType=0x49, before Analyze
[DEBUG] Analyze: engType=73
[DEBUG] after Analyze, stop=0
[DEBUG] field::process() type=42 step=10 units=3
[DEBUG] field::process() type=1 step=0 units=4
[DEBUG] field::process() type=1 step=1 units=4
[DEBUG] field::process() type=1 step=2 units=4
[DEBUG] field::process() type=5 step=0 units=5
[DEBUG] field::process() type=5 step=1 units=5
[DEBUG] field::process() type=5 step=3 units=5
[DEBUG] field::process() type=5 step=5 units=5
[DEBUG] field::process() type=5 step=7 units=5
[DEBUG] field::process() type=1 step=3 units=4
[DEBUG] field::process() type=1 step=4 units=4
[DEBUG] field::process() type=1 step=5 units=4
[DEBUG] field::process() type=1 step=8 units=4
[DEBUG] field::process() type=1 step=9 units=4
[DEBUG] field::process() type=1 step=10 units=4
[DEBUG] field::process() type=1 step=11 units=4
[DEBUG] field::process() type=1 step=12 units=4
[DEBUG] field::process() type=1 step=13 units=4
[DEBUG] field::process() type=1 step=14 units=4
[DEBUG] field::process() type=1 step=15 units=4
[DEBUG] field::process() type=1 step=16 units=4
[DEBUG] field::process() type=42 step=11 units=3
[DEBUG] field::process() type=42 step=12 units=3
[DEBUG] before get_message engLen=1
[DEBUG] after get_message, msgType=0x4a, before Analyze
[DEBUG] Analyze: engType=74
[DEBUG] after Analyze, stop=0
[DEBUG] field::process() type=42 step=13 units=3
[DEBUG] field::process() type=1 step=0 units=4
[DEBUG] field::process() type=1 step=1 units=4
[DEBUG] field::process() type=1 step=2 units=4
[DEBUG] field::process() type=5 step=0 units=5
[DEBUG] field::process() type=5 step=1 units=5
[DEBUG] field::process() type=5 step=3 units=5
[DEBUG] field::process() type=5 step=5 units=5
[DEBUG] field::process() type=5 step=7 units=5
[DEBUG] field::process() type=1 step=3 units=4
[DEBUG] field::process() type=1 step=4 units=4
[DEBUG] field::process() type=1 step=5 units=4
[DEBUG] field::process() type=1 step=8 units=4
[DEBUG] field::process() type=1 step=9 units=4
[DEBUG] field::process() type=1 step=10 units=4
[DEBUG] field::process() type=1 step=11 units=4
[DEBUG] field::process() type=1 step=12 units=4
[DEBUG] field::process() type=1 step=13 units=4
[DEBUG] field::process() type=1 step=14 units=4
[DEBUG] field::process() type=1 step=15 units=4
[DEBUG] field::process() type=1 step=16 units=4
[DEBUG] field::process() type=30 step=0 units=3
[DEBUG] field::process() type=30 step=2 units=3
[DEBUG] field::process() type=30 step=3 units=3
[DEBUG] field::process() type=30 step=4 units=3
[DEBUG] field::process() type=30 step=6 units=3
[DEBUG] field::process() type=30 step=7 units=3
[DEBUG] field::process() type=30 step=8 units=3
[DEBUG] field::process() type=30 step=9 units=3
[DEBUG] field::process() type=31 step=0 units=4
[DEBUG] field::process() type=31 step=1 units=4
[DEBUG] field::process() type=31 step=2 units=4
[DEBUG] field::process() type=16 step=0 units=5
[DEBUG] before get_message engLen=12
[DEBUG] after get_message, msgType=0x10, before Analyze
[DEBUG] Analyze: engType=16
[DEBUG] WaitforResponse: playerid=0 active_field=2
[DEBUG] WaitforResponseAfterRewrite: playerid=0 active_field=2
[DEBUG] after Analyze, stop=1
[DEBUG] set_active_field: 2->2 new game_field=0000000000E0A610 temp_card=0000000000E0C9C0
[DEBUG] GetResponse ENTER: dp->type=2 active_field=2 len=4
[DEBUG] field::process() type=16 step=1 units=5
[DEBUG] field::process() type=31 step=3 units=4
[DEBUG] field::process() type=31 step=1 units=4
[DEBUG] field::process() type=31 step=2 units=4
[DEBUG] field::process() type=16 step=0 units=5
[DEBUG] field::process() type=31 step=3 units=4
[DEBUG] field::process() type=30 step=10 units=3
[DEBUG] field::process() type=32 step=0 units=2
[DEBUG] field::process() type=10 step=0 units=3
[DEBUG] before get_message engLen=46
[DEBUG] after get_message, msgType=0xb, before Analyze
[DEBUG] Analyze: engType=11
[DEBUG] WaitforResponse: playerid=0 active_field=2
[DEBUG] WaitforResponseAfterRewrite: playerid=0 active_field=2
[DEBUG] after Analyze, stop=1
[DEBUG] set_active_field: 2->2 new game_field=0000000000E0A610 temp_card=0000000000E0C9C0
[DEBUG] GetResponse ENTER: dp->type=2 active_field=2 len=4
[DEBUG] field::process() type=10 step=1 units=3
[DEBUG] step是=1
[DEBUG] field::process() type=32 step=1 units=2
[DEBUG] field::process() type=32 step=6 units=2
[DEBUG] field::process() type=61 step=0 units=3
[DEBUG] field::process() type=61 step=1 units=3
[DEBUG] field::process() type=61 step=20 units=3
[DEBUG] field::process() type=45 step=0 units=4
[DEBUG] before get_message engLen=7
[DEBUG] after get_message, msgType=0x2, before Analyze
[DEBUG] Analyze: engType=2
[DEBUG] after Analyze, stop=0
[DEBUG] field::process() type=17 step=0 units=5
[DEBUG] before get_message engLen=16
[DEBUG] after get_message, msgType=0x1a, before Analyze
[DEBUG] Analyze: engType=26
[DEBUG] WaitforResponse: playerid=0 active_field=2
[DEBUG] WaitforResponseAfterRewrite: playerid=0 active_field=2
[DEBUG] after Analyze, stop=1
[DEBUG] set_active_field: 2->2 new game_field=0000000000E0A610 temp_card=0000000000E0C9C0
[DEBUG] GetResponse ENTER: dp->type=2 active_field=2 len=2
[DEBUG] field::process() type=17 step=1 units=5
[DEBUG] field::process() type=45 step=1 units=4
[DEBUG] before get_message engLen=12
[DEBUG] after get_message, msgType=0x53, before Analyze
[DEBUG] Analyze: engType=83
[DEBUG] Analyze: engType=83
[DEBUG] after Analyze, stop=0
[DEBUG] field::process() type=61 step=21 units=3
[DEBUG] field::process() type=61 step=22 units=3
[DEBUG] field::process() type=61 step=23 units=3
[DEBUG] field::process() type=53 step=0 units=4
[DEBUG] before get_message engLen=7
[DEBUG] after get_message, msgType=0x2, before Analyze
[DEBUG] Analyze: engType=2
[DEBUG] after Analyze, stop=0
[DEBUG] field::process() type=18 step=0 units=5
[DEBUG] before get_message engLen=7
[DEBUG] after get_message, msgType=0x12, before Analyze
[DEBUG] Analyze: engType=18
[DEBUG] WaitforResponse: playerid=0 active_field=2
[DEBUG] WaitforResponseAfterRewrite: playerid=0 active_field=2
[DEBUG] after Analyze, stop=1
[DEBUG] set_active_field: 2->2 new game_field=0000000000E0A610 temp_card=0000000000E0C9C0
[DEBUG] GetResponse ENTER: dp->type=2 active_field=2 len=3
[DEBUG] field::process() type=18 step=1 units=5
[DEBUG] field::process() type=53 step=1 units=4
[DEBUG] field::process() type=19 step=0 units=5
[DEBUG] before get_message engLen=7
[DEBUG] after get_message, msgType=0x13, before Analyze
[DEBUG] Analyze: engType=19
[DEBUG] WaitforResponse: playerid=0 active_field=2
[DEBUG] WaitforResponseAfterRewrite: playerid=0 active_field=2
[DEBUG] after Analyze, stop=1
[DEBUG] set_active_field: 2->2 new game_field=0000000000E0A610 temp_card=0000000000E0C9C0
[DEBUG] GetResponse ENTER: dp->type=2 active_field=2 len=4
[DEBUG] field::process() type=19 step=1 units=5
[DEBUG] field::process() type=53 step=2 units=4
[DEBUG] before get_message engLen=17
[DEBUG] after get_message, msgType=0x32, before Analyze
[DEBUG] Analyze: engType=50
[DEBUG] MSG_MOVE: cc=0 pc=0 cl=4 pl=2 active_field=2 IsBattleField=0
[DEBUG] after Analyze, stop=0
[DEBUG] field::process() type=53 step=3 units=4
[DEBUG] field::process() type=61 step=24 units=3
[DEBUG] before get_message engLen=9
[DEBUG] after get_message, msgType=0x3e, before Analyze
[DEBUG] Analyze: engType=62
[DEBUG] after Analyze, stop=0
[DEBUG] field::process() type=61 step=25 units=3
[DEBUG] field::process() type=30 step=0 units=4
[DEBUG] field::process() type=30 step=8 units=4
[DEBUG] field::process() type=30 step=9 units=4
[DEBUG] field::process() type=31 step=0 units=5
[DEBUG] field::process() type=31 step=1 units=5
[DEBUG] field::process() type=31 step=2 units=5
[DEBUG] field::process() type=16 step=0 units=6
[DEBUG] before get_message engLen=12
[DEBUG] after get_message, msgType=0x10, before Analyze
[DEBUG] Analyze: engType=16
[DEBUG] WaitforResponse: playerid=0 active_field=2
[DEBUG] WaitforResponseAfterRewrite: playerid=0 active_field=2
[DEBUG] after Analyze, stop=1
[DEBUG] set_active_field: 2->2 new game_field=0000000000E0A610 temp_card=0000000000E0C9C0
[DEBUG] GetResponse ENTER: dp->type=2 active_field=2 len=4
[DEBUG] field::process() type=16 step=1 units=6
[DEBUG] field::process() type=31 step=3 units=5
[DEBUG] field::process() type=31 step=1 units=5
[DEBUG] field::process() type=31 step=2 units=5
[DEBUG] field::process() type=16 step=0 units=6
[DEBUG] field::process() type=31 step=3 units=5
[DEBUG] field::process() type=30 step=10 units=4
[DEBUG] field::process() type=61 step=26 units=3
[DEBUG] field::process() type=61 step=27 units=3
[DEBUG] field::process() type=61 step=28 units=3
[DEBUG] field::process() type=1 step=0 units=4
[DEBUG] field::process() type=1 step=1 units=4
[DEBUG] field::process() type=1 step=2 units=4
[DEBUG] field::process() type=5 step=0 units=5
[DEBUG] field::process() type=5 step=1 units=5
[DEBUG] field::process() type=5 step=3 units=5
[DEBUG] field::process() type=5 step=5 units=5
[DEBUG] field::process() type=5 step=7 units=5
[DEBUG] field::process() type=1 step=3 units=4
[DEBUG] field::process() type=1 step=4 units=4
[DEBUG] field::process() type=1 step=5 units=4
[DEBUG] field::process() type=1 step=8 units=4
[DEBUG] field::process() type=1 step=9 units=4
[DEBUG] field::process() type=1 step=10 units=4
[DEBUG] field::process() type=1 step=11 units=4
[DEBUG] field::process() type=1 step=12 units=4
[DEBUG] field::process() type=1 step=13 units=4
[DEBUG] field::process() type=1 step=14 units=4
[DEBUG] field::process() type=1 step=15 units=4
[DEBUG] field::process() type=1 step=16 units=4
[DEBUG] field::process() type=61 step=29 units=3
[DEBUG] before get_message engLen=1
[DEBUG] after get_message, msgType=0x3f, before Analyze
[DEBUG] Analyze: engType=63
[DEBUG] after Analyze, stop=0
[DEBUG] field::process() type=1 step=0 units=4
[DEBUG] field::process() type=1 step=1 units=4
[DEBUG] field::process() type=1 step=2 units=4
[DEBUG] field::process() type=5 step=0 units=5
[DEBUG] field::process() type=5 step=1 units=5
[DEBUG] field::process() type=5 step=3 units=5
[DEBUG] field::process() type=5 step=5 units=5
[DEBUG] field::process() type=5 step=7 units=5
[DEBUG] field::process() type=1 step=3 units=4
[DEBUG] field::process() type=1 step=4 units=4
[DEBUG] field::process() type=1 step=5 units=4
[DEBUG] field::process() type=1 step=8 units=4
[DEBUG] field::process() type=1 step=9 units=4
[DEBUG] field::process() type=1 step=10 units=4
[DEBUG] field::process() type=1 step=11 units=4
[DEBUG] field::process() type=1 step=12 units=4
[DEBUG] field::process() type=1 step=13 units=4
[DEBUG] field::process() type=1 step=14 units=4
[DEBUG] field::process() type=1 step=15 units=4
[DEBUG] field::process() type=1 step=16 units=4
[DEBUG] field::process() type=30 step=0 units=3
[DEBUG] field::process() type=30 step=2 units=3
[DEBUG] field::process() type=30 step=3 units=3
[DEBUG] field::process() type=30 step=4 units=3
[DEBUG] field::process() type=30 step=6 units=3
[DEBUG] field::process() type=30 step=7 units=3
[DEBUG] field::process() type=30 step=8 units=3
[DEBUG] field::process() type=30 step=9 units=3
[DEBUG] field::process() type=31 step=0 units=4
[DEBUG] field::process() type=31 step=1 units=4
[DEBUG] field::process() type=31 step=2 units=4
[DEBUG] field::process() type=16 step=0 units=5
[DEBUG] before get_message engLen=12
[DEBUG] after get_message, msgType=0x10, before Analyze
[DEBUG] Analyze: engType=16
[DEBUG] WaitforResponse: playerid=0 active_field=2
[DEBUG] WaitforResponseAfterRewrite: playerid=0 active_field=2
[DEBUG] after Analyze, stop=1
[DEBUG] set_active_field: 2->2 new game_field=0000000000E0A610 temp_card=0000000000E0C9C0
[DEBUG] GetResponse ENTER: dp->type=2 active_field=2 len=4
[DEBUG] field::process() type=16 step=1 units=5
[DEBUG] field::process() type=31 step=3 units=4
[DEBUG] field::process() type=31 step=1 units=4
[DEBUG] field::process() type=31 step=2 units=4
[DEBUG] field::process() type=16 step=0 units=5
[DEBUG] field::process() type=31 step=3 units=4
[DEBUG] field::process() type=30 step=10 units=3
[DEBUG] field::process() type=32 step=0 units=2
[DEBUG] field::process() type=10 step=0 units=3
[DEBUG] before get_message engLen=47
[DEBUG] after get_message, msgType=0xb, before Analyze
[DEBUG] Analyze: engType=11
[DEBUG] WaitforResponse: playerid=0 active_field=2
[DEBUG] WaitforResponseAfterRewrite: playerid=0 active_field=2
[DEBUG] after Analyze, stop=1
[DEBUG] set_active_field: 2->1 new game_field=0000000000D5F250 temp_card=0000000000E06010
[DEBUG] GetResponse ENTER: dp->type=1 active_field=1 len=4
[DEBUG] field::process() type=10 step=1 units=3
[DEBUG] step是=1
[DEBUG] field::process() type=32 step=1 units=2
[DEBUG] field::process() type=40 step=0 units=4
[DEBUG] field::process() type=53 step=0 units=5
[DEBUG] before get_message engLen=7
[DEBUG] after get_message, msgType=0x2, before Analyze
[DEBUG] Analyze: engType=2
[DEBUG] after Analyze, stop=0
[DEBUG] field::process() type=18 step=0 units=6
[DEBUG] before get_message engLen=7
[DEBUG] after get_message, msgType=0x12, before Analyze
[DEBUG] Analyze: engType=18
[DEBUG] WaitforResponse: playerid=0 active_field=1
[DEBUG] WaitforResponseAfterRewrite: playerid=0 active_field=1
[DEBUG] after Analyze, stop=1
[DEBUG] set_active_field: 1->1 new game_field=0000000000D5F250 temp_card=0000000000E06010
[DEBUG] GetResponse ENTER: dp->type=1 active_field=1 len=3
[DEBUG] field::process() type=18 step=1 units=6
[DEBUG] field::process() type=53 step=1 units=5
[DEBUG] field::process() type=53 step=2 units=5
[DEBUG] before get_message engLen=17
[DEBUG] after get_message, msgType=0x32, before Analyze
[DEBUG] Analyze: engType=50
[DEBUG] MSG_MOVE: cc=0 pc=0 cl=8 pl=2 active_field=1 IsBattleField=0
[DEBUG] after Analyze, stop=0
[DEBUG] field::process() type=53 step=3 units=5
[DEBUG] field::process() type=40 step=1 units=4
[DEBUG] before get_message engLen=17
[DEBUG] after get_message, msgType=0x46, before Analyze
[DEBUG] Analyze: engType=70
[DEBUG] after Analyze, stop=0
[DEBUG] field::process() type=40 step=2 units=4
[DEBUG] field::process() type=40 step=3 units=4
[DEBUG] field::process() type=40 step=5 units=4
[DEBUG] field::process() type=40 step=7 units=4
[DEBUG] field::process() type=40 step=8 units=4
[DEBUG] field::process() type=40 step=9 units=4
[DEBUG] before get_message engLen=2
[DEBUG] after get_message, msgType=0x47, before Analyze
[DEBUG] Analyze: engType=71
[DEBUG] after Analyze, stop=0
[DEBUG] field::process() type=1 step=0 units=4
[DEBUG] field::process() type=1 step=1 units=4
[DEBUG] field::process() type=1 step=2 units=4
[DEBUG] field::process() type=5 step=0 units=5
[DEBUG] field::process() type=5 step=1 units=5
[DEBUG] field::process() type=5 step=3 units=5
[DEBUG] field::process() type=5 step=5 units=5
[DEBUG] field::process() type=5 step=7 units=5
[DEBUG] field::process() type=1 step=3 units=4
[DEBUG] field::process() type=1 step=4 units=4
[DEBUG] field::process() type=1 step=5 units=4
[DEBUG] field::process() type=1 step=8 units=4
[DEBUG] field::process() type=1 step=9 units=4
[DEBUG] field::process() type=1 step=10 units=4
[DEBUG] field::process() type=1 step=11 units=4
[DEBUG] field::process() type=1 step=12 units=4
[DEBUG] field::process() type=1 step=13 units=4
[DEBUG] field::process() type=1 step=14 units=4
[DEBUG] field::process() type=1 step=15 units=4
[DEBUG] field::process() type=1 step=16 units=4
[DEBUG] field::process() type=31 step=0 units=3
[DEBUG] field::process() type=31 step=1 units=3
[DEBUG] field::process() type=31 step=2 units=3
[DEBUG] field::process() type=16 step=0 units=4
[DEBUG] field::process() type=31 step=3 units=3
[DEBUG] field::process() type=31 step=1 units=3
[DEBUG] field::process() type=31 step=2 units=3
[DEBUG] field::process() type=16 step=0 units=4
[DEBUG] before get_message engLen=12
[DEBUG] after get_message, msgType=0x10, before Analyze
[DEBUG] Analyze: engType=16
[DEBUG] WaitforResponse: playerid=0 active_field=1
[DEBUG] WaitforResponseAfterRewrite: playerid=0 active_field=1
[DEBUG] after Analyze, stop=1
[DEBUG] set_active_field: 1->1 new game_field=0000000000D5F250 temp_card=0000000000E06010
[DEBUG] GetResponse ENTER: dp->type=1 active_field=1 len=4
[DEBUG] field::process() type=16 step=1 units=4
[DEBUG] field::process() type=31 step=3 units=3
[DEBUG] field::process() type=32 step=2 units=2
[DEBUG] field::process() type=42 step=0 units=3
[DEBUG] before get_message engLen=2
[DEBUG] after get_message, msgType=0x48, before Analyze
[DEBUG] Analyze: engType=72
[DEBUG] after Analyze, stop=0
[DEBUG] field::process() type=42 step=1 units=3
[DEBUG] field::process() type=42 step=2 units=3
[DEBUG] field::process() type=42 step=3 units=3
[DEBUG] field::process() type=42 step=4 units=3
[DEBUG] field::process() type=42 step=5 units=3
[DEBUG] before get_message engLen=2
[DEBUG] after get_message, msgType=0x49, before Analyze
[DEBUG] Analyze: engType=73
[DEBUG] after Analyze, stop=0
[DEBUG] field::process() type=42 step=10 units=3
[DEBUG] field::process() type=1 step=0 units=4
[DEBUG] field::process() type=1 step=1 units=4
[DEBUG] field::process() type=1 step=2 units=4
[DEBUG] field::process() type=5 step=0 units=5
[DEBUG] field::process() type=5 step=1 units=5
[DEBUG] field::process() type=5 step=3 units=5
[DEBUG] field::process() type=5 step=5 units=5
[DEBUG] field::process() type=5 step=7 units=5
[DEBUG] field::process() type=1 step=3 units=4
[DEBUG] field::process() type=1 step=4 units=4
[DEBUG] field::process() type=1 step=5 units=4
[DEBUG] field::process() type=1 step=8 units=4
[DEBUG] field::process() type=1 step=9 units=4
[DEBUG] field::process() type=1 step=10 units=4
[DEBUG] field::process() type=1 step=11 units=4
[DEBUG] field::process() type=1 step=12 units=4
[DEBUG] field::process() type=1 step=13 units=4
[DEBUG] field::process() type=1 step=14 units=4
[DEBUG] field::process() type=1 step=15 units=4
[DEBUG] field::process() type=1 step=16 units=4
[DEBUG] field::process() type=42 step=11 units=3
[DEBUG] field::process() type=42 step=12 units=3
[DEBUG] before get_message engLen=1
[DEBUG] after get_message, msgType=0x4a, before Analyze
[DEBUG] Analyze: engType=74
[DEBUG] after Analyze, stop=0
[DEBUG] field::process() type=42 step=13 units=3
[DEBUG] field::process() type=1 step=0 units=4
[DEBUG] field::process() type=1 step=1 units=4
[DEBUG] field::process() type=1 step=2 units=4
[DEBUG] field::process() type=5 step=0 units=5
[DEBUG] field::process() type=5 step=1 units=5
[DEBUG] field::process() type=5 step=3 units=5
[DEBUG] field::process() type=5 step=5 units=5
[DEBUG] field::process() type=5 step=7 units=5
[DEBUG] field::process() type=1 step=3 units=4
[DEBUG] field::process() type=1 step=4 units=4
[DEBUG] field::process() type=1 step=5 units=4
[DEBUG] field::process() type=1 step=8 units=4
[DEBUG] field::process() type=1 step=9 units=4
[DEBUG] field::process() type=1 step=10 units=4
[DEBUG] field::process() type=1 step=11 units=4
[DEBUG] field::process() type=1 step=12 units=4
[DEBUG] field::process() type=1 step=13 units=4
[DEBUG] field::process() type=1 step=14 units=4
[DEBUG] field::process() type=1 step=15 units=4
[DEBUG] field::process() type=1 step=16 units=4
[DEBUG] field::process() type=30 step=0 units=3
[DEBUG] field::process() type=30 step=2 units=3
[DEBUG] field::process() type=30 step=3 units=3
[DEBUG] field::process() type=30 step=4 units=3
[DEBUG] field::process() type=30 step=6 units=3
[DEBUG] field::process() type=30 step=7 units=3
[DEBUG] field::process() type=30 step=8 units=3
[DEBUG] field::process() type=30 step=9 units=3
[DEBUG] field::process() type=31 step=0 units=4
[DEBUG] field::process() type=31 step=1 units=4
[DEBUG] field::process() type=31 step=2 units=4
[DEBUG] field::process() type=16 step=0 units=5
[DEBUG] before get_message engLen=12
[DEBUG] after get_message, msgType=0x10, before Analyze
[DEBUG] Analyze: engType=16
[DEBUG] WaitforResponse: playerid=0 active_field=1
[DEBUG] WaitforResponseAfterRewrite: playerid=0 active_field=1
[DEBUG] after Analyze, stop=1
[DEBUG] set_active_field: 1->1 new game_field=0000000000D5F250 temp_card=0000000000E06010
[DEBUG] GetResponse ENTER: dp->type=1 active_field=1 len=4
[DEBUG] field::process() type=16 step=1 units=5
[DEBUG] field::process() type=31 step=3 units=4
[DEBUG] field::process() type=31 step=1 units=4
[DEBUG] field::process() type=31 step=2 units=4
[DEBUG] field::process() type=16 step=0 units=5
[DEBUG] field::process() type=31 step=3 units=4
[DEBUG] field::process() type=30 step=10 units=3
[DEBUG] field::process() type=32 step=0 units=2
[DEBUG] field::process() type=10 step=0 units=3
[DEBUG] before get_message engLen=64
[DEBUG] after get_message, msgType=0xb, before Analyze
[DEBUG] Analyze: engType=11
[DEBUG] WaitforResponse: playerid=0 active_field=1
[DEBUG] WaitforResponseAfterRewrite: playerid=0 active_field=1
[DEBUG] after Analyze, stop=1
[DEBUG] set_active_field: 1->1 new game_field=0000000000D5F250 temp_card=0000000000E06010
[DEBUG] GetResponse ENTER: dp->type=1 active_field=1 len=4
[DEBUG] field::process() type=10 step=1 units=3
[DEBUG] step是=1
[DEBUG] field::process() type=32 step=1 units=2
[DEBUG] field::process() type=40 step=0 units=4
[DEBUG] field::process() type=53 step=0 units=5
[DEBUG] before get_message engLen=7
[DEBUG] after get_message, msgType=0x2, before Analyze
[DEBUG] Analyze: engType=2
[DEBUG] after Analyze, stop=0
[DEBUG] field::process() type=18 step=0 units=6
[DEBUG] before get_message engLen=7
[DEBUG] after get_message, msgType=0x12, before Analyze
[DEBUG] Analyze: engType=18
[DEBUG] WaitforResponse: playerid=0 active_field=1
[DEBUG] WaitforResponseAfterRewrite: playerid=0 active_field=1
[DEBUG] after Analyze, stop=1
[DEBUG] set_active_field: 1->1 new game_field=0000000000D5F250 temp_card=0000000000E06010
[DEBUG] GetResponse ENTER: dp->type=1 active_field=1 len=3
[DEBUG] field::process() type=18 step=1 units=6
[DEBUG] field::process() type=53 step=1 units=5
[DEBUG] field::process() type=53 step=2 units=5
[DEBUG] before get_message engLen=17
[DEBUG] after get_message, msgType=0x32, before Analyze
[DEBUG] Analyze: engType=50
[DEBUG] MSG_MOVE: cc=0 pc=0 cl=8 pl=2 active_field=1 IsBattleField=0
[DEBUG] after Analyze, stop=0
[DEBUG] field::process() type=53 step=3 units=5
[DEBUG] field::process() type=40 step=1 units=4
[DEBUG] before get_message engLen=17
[DEBUG] after get_message, msgType=0x46, before Analyze
[DEBUG] Analyze: engType=70
[DEBUG] after Analyze, stop=0
[DEBUG] field::process() type=40 step=2 units=4
[DEBUG] field::process() type=40 step=3 units=4
[DEBUG] field::process() type=40 step=5 units=4
[DEBUG] field::process() type=40 step=7 units=4
[DEBUG] field::process() type=40 step=8 units=4
[DEBUG] field::process() type=40 step=9 units=4
[DEBUG] before get_message engLen=2
[DEBUG] after get_message, msgType=0x47, before Analyze
[DEBUG] Analyze: engType=71
[DEBUG] after Analyze, stop=0
[DEBUG] field::process() type=1 step=0 units=4
[DEBUG] field::process() type=1 step=1 units=4
[DEBUG] field::process() type=1 step=2 units=4
[DEBUG] field::process() type=5 step=0 units=5
[DEBUG] field::process() type=5 step=1 units=5
[DEBUG] field::process() type=5 step=3 units=5
[DEBUG] field::process() type=5 step=5 units=5
[DEBUG] field::process() type=5 step=7 units=5
[DEBUG] field::process() type=1 step=3 units=4
[DEBUG] field::process() type=1 step=4 units=4
[DEBUG] field::process() type=1 step=5 units=4
[DEBUG] field::process() type=1 step=8 units=4
[DEBUG] field::process() type=1 step=9 units=4
[DEBUG] field::process() type=1 step=10 units=4
[DEBUG] field::process() type=1 step=11 units=4
[DEBUG] field::process() type=1 step=12 units=4
[DEBUG] field::process() type=1 step=13 units=4
[DEBUG] field::process() type=1 step=14 units=4
[DEBUG] field::process() type=1 step=15 units=4
[DEBUG] field::process() type=1 step=16 units=4
[DEBUG] field::process() type=31 step=0 units=3
[DEBUG] field::process() type=31 step=1 units=3
[DEBUG] field::process() type=31 step=2 units=3
[DEBUG] field::process() type=16 step=0 units=4
[DEBUG] field::process() type=31 step=3 units=3
[DEBUG] field::process() type=31 step=1 units=3
[DEBUG] field::process() type=31 step=2 units=3
[DEBUG] field::process() type=16 step=0 units=4
[DEBUG] before get_message engLen=12
[DEBUG] after get_message, msgType=0x10, before Analyze
[DEBUG] Analyze: engType=16
[DEBUG] WaitforResponse: playerid=0 active_field=1
[DEBUG] WaitforResponseAfterRewrite: playerid=0 active_field=1
[DEBUG] after Analyze, stop=1
[DEBUG] set_active_field: 1->1 new game_field=0000000000D5F250 temp_card=0000000000E06010
[DEBUG] GetResponse ENTER: dp->type=1 active_field=1 len=4
[DEBUG] field::process() type=16 step=1 units=4
[DEBUG] field::process() type=31 step=3 units=3
[DEBUG] field::process() type=32 step=2 units=2
[DEBUG] field::process() type=42 step=0 units=3
[DEBUG] before get_message engLen=2
[DEBUG] after get_message, msgType=0x48, before Analyze
[DEBUG] Analyze: engType=72
[DEBUG] after Analyze, stop=0
[DEBUG] field::process() type=42 step=1 units=3
[DEBUG] field::process() type=42 step=2 units=3
[DEBUG] field::process() type=42 step=3 units=3
[DEBUG] field::process() type=42 step=4 units=3
[DEBUG] field::process() type=42 step=5 units=3
[DEBUG] before get_message engLen=2
[DEBUG] after get_message, msgType=0x49, before Analyze
[DEBUG] Analyze: engType=73
[DEBUG] after Analyze, stop=0
[DEBUG] field::process() type=42 step=10 units=3
[DEBUG] field::process() type=1 step=0 units=4
[DEBUG] field::process() type=1 step=1 units=4
[DEBUG] field::process() type=1 step=2 units=4
[DEBUG] field::process() type=5 step=0 units=5
[DEBUG] field::process() type=5 step=1 units=5
[DEBUG] field::process() type=5 step=3 units=5
[DEBUG] field::process() type=5 step=5 units=5
[DEBUG] field::process() type=5 step=7 units=5
[DEBUG] field::process() type=1 step=3 units=4
[DEBUG] field::process() type=1 step=4 units=4
[DEBUG] field::process() type=1 step=5 units=4
[DEBUG] field::process() type=1 step=8 units=4
[DEBUG] field::process() type=1 step=9 units=4
[DEBUG] field::process() type=1 step=10 units=4
[DEBUG] field::process() type=1 step=11 units=4
[DEBUG] field::process() type=1 step=12 units=4
[DEBUG] field::process() type=1 step=13 units=4
[DEBUG] field::process() type=1 step=14 units=4
[DEBUG] field::process() type=1 step=15 units=4
[DEBUG] field::process() type=1 step=16 units=4
[DEBUG] field::process() type=42 step=11 units=3
[DEBUG] field::process() type=42 step=12 units=3
[DEBUG] before get_message engLen=1
[DEBUG] after get_message, msgType=0x4a, before Analyze
[DEBUG] Analyze: engType=74
[DEBUG] after Analyze, stop=0
[DEBUG] field::process() type=42 step=13 units=3
[DEBUG] field::process() type=1 step=0 units=4
[DEBUG] field::process() type=1 step=1 units=4
[DEBUG] field::process() type=1 step=2 units=4
[DEBUG] field::process() type=5 step=0 units=5
[DEBUG] field::process() type=5 step=1 units=5
[DEBUG] field::process() type=5 step=3 units=5
[DEBUG] field::process() type=5 step=5 units=5
[DEBUG] field::process() type=5 step=7 units=5
[DEBUG] field::process() type=1 step=3 units=4
[DEBUG] field::process() type=1 step=4 units=4
[DEBUG] field::process() type=1 step=5 units=4
[DEBUG] field::process() type=1 step=8 units=4
[DEBUG] field::process() type=1 step=9 units=4
[DEBUG] field::process() type=1 step=10 units=4
[DEBUG] field::process() type=1 step=11 units=4
[DEBUG] field::process() type=1 step=12 units=4
[DEBUG] field::process() type=1 step=13 units=4
[DEBUG] field::process() type=1 step=14 units=4
[DEBUG] field::process() type=1 step=15 units=4
[DEBUG] field::process() type=1 step=16 units=4
[DEBUG] field::process() type=30 step=0 units=3
[DEBUG] field::process() type=30 step=2 units=3
[DEBUG] field::process() type=30 step=3 units=3
[DEBUG] field::process() type=30 step=4 units=3
[DEBUG] field::process() type=30 step=6 units=3
[DEBUG] field::process() type=30 step=7 units=3
[DEBUG] field::process() type=30 step=8 units=3
[DEBUG] field::process() type=30 step=9 units=3
[DEBUG] field::process() type=31 step=0 units=4
[DEBUG] field::process() type=31 step=1 units=4
[DEBUG] field::process() type=31 step=2 units=4
[DEBUG] field::process() type=16 step=0 units=5
[DEBUG] before get_message engLen=12
[DEBUG] after get_message, msgType=0x10, before Analyze
[DEBUG] Analyze: engType=16
[DEBUG] WaitforResponse: playerid=0 active_field=1
[DEBUG] WaitforResponseAfterRewrite: playerid=0 active_field=1
[DEBUG] after Analyze, stop=1
[DEBUG] set_active_field: 1->1 new game_field=0000000000D5F250 temp_card=0000000000E06010
[DEBUG] GetResponse ENTER: dp->type=1 active_field=1 len=4
[DEBUG] field::process() type=16 step=1 units=5
[DEBUG] field::process() type=31 step=3 units=4
[DEBUG] field::process() type=31 step=1 units=4
[DEBUG] field::process() type=31 step=2 units=4
[DEBUG] field::process() type=16 step=0 units=5
[DEBUG] field::process() type=31 step=3 units=4
[DEBUG] field::process() type=30 step=10 units=3
[DEBUG] field::process() type=32 step=0 units=2
[DEBUG] field::process() type=10 step=0 units=3
[DEBUG] before get_message engLen=46
[DEBUG] after get_message, msgType=0xb, before Analyze
[DEBUG] Analyze: engType=11
[DEBUG] WaitforResponse: playerid=0 active_field=1
[DEBUG] WaitforResponseAfterRewrite: playerid=0 active_field=1
[DEBUG] after Analyze, stop=1
[DEBUG] set_active_field: 1->1 new game_field=0000000000D5F250 temp_card=0000000000E06010
[DEBUG] GetResponse ENTER: dp->type=1 active_field=1 len=4
[DEBUG] field::process() type=10 step=1 units=3
[DEBUG] step是=1
[DEBUG] field::process() type=32 step=1 units=2
[DEBUG] field::process() type=32 step=5 units=2
[DEBUG] field::process() type=60 step=0 units=3
[DEBUG] field::process() type=60 step=1 units=3
[DEBUG] field::process() type=60 step=2 units=3
[DEBUG] field::process() type=60 step=4 units=3
[DEBUG] field::process() type=60 step=5 units=3
[DEBUG] field::process() type=60 step=7 units=3
[DEBUG] field::process() type=60 step=8 units=3
[DEBUG] field::process() type=53 step=0 units=4
[DEBUG] before get_message engLen=7
[DEBUG] after get_message, msgType=0x2, before Analyze
[DEBUG] Analyze: engType=2
[DEBUG] after Analyze, stop=0
[DEBUG] field::process() type=18 step=0 units=5
[DEBUG] before get_message engLen=7
[DEBUG] after get_message, msgType=0x12, before Analyze
[DEBUG] Analyze: engType=18
[DEBUG] WaitforResponse: playerid=0 active_field=1
[DEBUG] WaitforResponseAfterRewrite: playerid=0 active_field=1
[DEBUG] after Analyze, stop=1
[DEBUG] set_active_field: 1->1 new game_field=0000000000D5F250 temp_card=0000000000E06010
[DEBUG] GetResponse ENTER: dp->type=1 active_field=1 len=3
[DEBUG] field::process() type=18 step=1 units=5
[DEBUG] field::process() type=53 step=1 units=4
[DEBUG] field::process() type=19 step=0 units=5
[DEBUG] field::process() type=53 step=2 units=4
[DEBUG] before get_message engLen=17
[DEBUG] after get_message, msgType=0x32, before Analyze
[DEBUG] Analyze: engType=50
[DEBUG] MSG_MOVE: cc=0 pc=0 cl=4 pl=2 active_field=1 IsBattleField=0
[DEBUG] after Analyze, stop=0
[DEBUG] field::process() type=53 step=3 units=4
[DEBUG] field::process() type=60 step=11 units=3
[DEBUG] before get_message engLen=9
[DEBUG] after get_message, msgType=0x3c, before Analyze
[DEBUG] Analyze: engType=60
[DEBUG] after Analyze, stop=0
[DEBUG] field::process() type=60 step=12 units=3
[DEBUG] field::process() type=60 step=13 units=3
[DEBUG] field::process() type=30 step=0 units=4
[DEBUG] field::process() type=30 step=8 units=4
[DEBUG] field::process() type=30 step=9 units=4
[DEBUG] field::process() type=31 step=0 units=5
[DEBUG] field::process() type=31 step=1 units=5
[DEBUG] field::process() type=31 step=2 units=5
[DEBUG] field::process() type=16 step=0 units=6
[DEBUG] before get_message engLen=12
[DEBUG] after get_message, msgType=0x10, before Analyze
[DEBUG] Analyze: engType=16
[DEBUG] WaitforResponse: playerid=0 active_field=1
[DEBUG] WaitforResponseAfterRewrite: playerid=0 active_field=1
[DEBUG] after Analyze, stop=1
[DEBUG] set_active_field: 1->1 new game_field=0000000000D5F250 temp_card=0000000000E06010
[DEBUG] GetResponse ENTER: dp->type=1 active_field=1 len=4
[DEBUG] field::process() type=16 step=1 units=6
[DEBUG] field::process() type=31 step=3 units=5
[DEBUG] field::process() type=31 step=1 units=5
[DEBUG] field::process() type=31 step=2 units=5
[DEBUG] field::process() type=16 step=0 units=6
[DEBUG] field::process() type=31 step=3 units=5
[DEBUG] field::process() type=30 step=10 units=4
[DEBUG] field::process() type=60 step=14 units=3
[DEBUG] field::process() type=60 step=15 units=3
[DEBUG] field::process() type=60 step=16 units=3
[DEBUG] before get_message engLen=1
[DEBUG] after get_message, msgType=0x3d, before Analyze
[DEBUG] Analyze: engType=61
[DEBUG] after Analyze, stop=0
[DEBUG] field::process() type=60 step=17 units=3
[DEBUG] field::process() type=1 step=0 units=4
[DEBUG] field::process() type=1 step=1 units=4
[DEBUG] field::process() type=1 step=2 units=4
[DEBUG] field::process() type=5 step=0 units=5
[DEBUG] field::process() type=5 step=1 units=5
[DEBUG] field::process() type=5 step=3 units=5
[DEBUG] field::process() type=5 step=5 units=5
[DEBUG] field::process() type=5 step=7 units=5
[DEBUG] field::process() type=1 step=3 units=4
[DEBUG] field::process() type=1 step=4 units=4
[DEBUG] field::process() type=1 step=5 units=4
[DEBUG] field::process() type=1 step=8 units=4
[DEBUG] field::process() type=1 step=9 units=4
[DEBUG] field::process() type=1 step=10 units=4
[DEBUG] field::process() type=1 step=11 units=4
[DEBUG] field::process() type=1 step=12 units=4
[DEBUG] field::process() type=1 step=13 units=4
[DEBUG] field::process() type=1 step=14 units=4
[DEBUG] field::process() type=1 step=15 units=4
[DEBUG] field::process() type=1 step=16 units=4
[DEBUG] field::process() type=30 step=0 units=3
[DEBUG] field::process() type=30 step=2 units=3
[DEBUG] field::process() type=30 step=3 units=3
[DEBUG] field::process() type=30 step=4 units=3
[DEBUG] field::process() type=30 step=6 units=3
[DEBUG] field::process() type=30 step=7 units=3
[DEBUG] field::process() type=30 step=8 units=3
[DEBUG] field::process() type=30 step=9 units=3
[DEBUG] field::process() type=31 step=0 units=4
[DEBUG] field::process() type=31 step=1 units=4
[DEBUG] field::process() type=31 step=2 units=4
[DEBUG] field::process() type=16 step=0 units=5
[DEBUG] before get_message engLen=12
[DEBUG] after get_message, msgType=0x10, before Analyze
[DEBUG] Analyze: engType=16
[DEBUG] WaitforResponse: playerid=0 active_field=1
[DEBUG] WaitforResponseAfterRewrite: playerid=0 active_field=1
[DEBUG] after Analyze, stop=1
[DEBUG] set_active_field: 1->1 new game_field=0000000000D5F250 temp_card=0000000000E06010
[DEBUG] GetResponse ENTER: dp->type=1 active_field=1 len=4
[DEBUG] field::process() type=16 step=1 units=5
[DEBUG] field::process() type=31 step=3 units=4
[DEBUG] field::process() type=31 step=1 units=4
[DEBUG] field::process() type=31 step=2 units=4
[DEBUG] field::process() type=16 step=0 units=5
[DEBUG] field::process() type=31 step=3 units=4
[DEBUG] field::process() type=30 step=10 units=3
[DEBUG] field::process() type=32 step=0 units=2
[DEBUG] field::process() type=10 step=0 units=3
[DEBUG] before get_message engLen=47
[DEBUG] after get_message, msgType=0xb, before Analyze
[DEBUG] Analyze: engType=11
[DEBUG] WaitforResponse: playerid=0 active_field=1
[DEBUG] WaitforResponseAfterRewrite: playerid=0 active_field=1
[DEBUG] after Analyze, stop=1
[DEBUG] set_active_field: 1->2 new game_field=0000000000E0A610 temp_card=0000000000E0C9C0
[DEBUG] GetResponse ENTER: dp->type=2 active_field=2 len=4
[DEBUG] field::process() type=10 step=1 units=3
[DEBUG] step是=1
[DEBUG] field::process() type=32 step=1 units=2
[DEBUG] field::process() type=40 step=0 units=4
[DEBUG] field::process() type=53 step=0 units=5
[DEBUG] before get_message engLen=7
[DEBUG] after get_message, msgType=0x2, before Analyze
[DEBUG] Analyze: engType=2
[DEBUG] after Analyze, stop=0
[DEBUG] field::process() type=18 step=0 units=6
[DEBUG] before get_message engLen=7
[DEBUG] after get_message, msgType=0x12, before Analyze
[DEBUG] Analyze: engType=18
[DEBUG] WaitforResponse: playerid=0 active_field=2
[DEBUG] WaitforResponseAfterRewrite: playerid=0 active_field=2
[DEBUG] after Analyze, stop=1
[DEBUG] set_active_field: 2->2 new game_field=0000000000E0A610 temp_card=0000000000E0C9C0
[DEBUG] GetResponse ENTER: dp->type=2 active_field=2 len=3
[DEBUG] field::process() type=18 step=1 units=6
[DEBUG] field::process() type=53 step=1 units=5
[DEBUG] field::process() type=53 step=2 units=5
[DEBUG] before get_message engLen=17
[DEBUG] after get_message, msgType=0x32, before Analyze
[DEBUG] Analyze: engType=50
[DEBUG] MSG_MOVE: cc=0 pc=0 cl=8 pl=2 active_field=2 IsBattleField=0
[DEBUG] after Analyze, stop=0
[DEBUG] field::process() type=53 step=3 units=5
[DEBUG] field::process() type=40 step=1 units=4
[DEBUG] before get_message engLen=17
[DEBUG] after get_message, msgType=0x46, before Analyze
[DEBUG] Analyze: engType=70
[DEBUG] after Analyze, stop=0
[DEBUG] field::process() type=40 step=2 units=4
[DEBUG] field::process() type=40 step=3 units=4
[DEBUG] field::process() type=40 step=5 units=4
[DEBUG] field::process() type=40 step=7 units=4
[DEBUG] field::process() type=40 step=8 units=4
[DEBUG] field::process() type=46 step=0 units=5
[DEBUG] before get_message engLen=7
[DEBUG] after get_message, msgType=0x2, before Analyze
[DEBUG] Analyze: engType=2
[DEBUG] after Analyze, stop=0
[DEBUG] field::process() type=15 step=0 units=6
[DEBUG] before get_message engLen=14
[DEBUG] after get_message, msgType=0xf, before Analyze
[DEBUG] Analyze: engType=15
[DEBUG] WaitforResponse: playerid=0 active_field=2
[DEBUG] WaitforResponseAfterRewrite: playerid=0 active_field=2
[DEBUG] after Analyze, stop=1
[DEBUG] set_active_field: 2->2 new game_field=0000000000E0A610 temp_card=0000000000E0C9C0
[DEBUG] GetResponse ENTER: dp->type=2 active_field=2 len=2
[DEBUG] field::process() type=15 step=1 units=6
[DEBUG] field::process() type=46 step=1 units=5
[DEBUG] before get_message engLen=6
[DEBUG] after get_message, msgType=0x53, before Analyze
[DEBUG] Analyze: engType=83
[DEBUG] after Analyze, stop=0
[DEBUG] field::process() type=40 step=9 units=4
[DEBUG] before get_message engLen=2
[DEBUG] after get_message, msgType=0x47, before Analyze
[DEBUG] Analyze: engType=71
[DEBUG] after Analyze, stop=0
[DEBUG] field::process() type=1 step=0 units=4
[DEBUG] field::process() type=1 step=1 units=4
[DEBUG] field::process() type=1 step=2 units=4
[DEBUG] field::process() type=5 step=0 units=5
[DEBUG] field::process() type=5 step=1 units=5
[DEBUG] field::process() type=5 step=3 units=5
[DEBUG] field::process() type=5 step=5 units=5
[DEBUG] field::process() type=5 step=7 units=5
[DEBUG] field::process() type=1 step=3 units=4
[DEBUG] field::process() type=1 step=4 units=4
[DEBUG] field::process() type=1 step=5 units=4
[DEBUG] field::process() type=1 step=8 units=4
[DEBUG] field::process() type=1 step=9 units=4
[DEBUG] field::process() type=1 step=10 units=4
[DEBUG] field::process() type=1 step=11 units=4
[DEBUG] field::process() type=1 step=12 units=4
[DEBUG] field::process() type=1 step=13 units=4
[DEBUG] field::process() type=1 step=14 units=4
[DEBUG] field::process() type=1 step=15 units=4
[DEBUG] field::process() type=1 step=16 units=4
[DEBUG] field::process() type=31 step=0 units=3
[DEBUG] field::process() type=31 step=1 units=3
[DEBUG] field::process() type=31 step=2 units=3
[DEBUG] field::process() type=16 step=0 units=4
[DEBUG] field::process() type=31 step=3 units=3
[DEBUG] field::process() type=31 step=1 units=3
[DEBUG] field::process() type=31 step=2 units=3
[DEBUG] field::process() type=16 step=0 units=4
[DEBUG] before get_message engLen=12
[DEBUG] after get_message, msgType=0x10, before Analyze
[DEBUG] Analyze: engType=16
[DEBUG] WaitforResponse: playerid=0 active_field=2
[DEBUG] WaitforResponseAfterRewrite: playerid=0 active_field=2
[DEBUG] after Analyze, stop=1
[DEBUG] set_active_field: 2->2 new game_field=0000000000E0A610 temp_card=0000000000E0C9C0
[DEBUG] GetResponse ENTER: dp->type=2 active_field=2 len=4
[DEBUG] field::process() type=16 step=1 units=4
[DEBUG] field::process() type=31 step=3 units=3
[DEBUG] field::process() type=32 step=2 units=2
[DEBUG] field::process() type=42 step=0 units=3
[DEBUG] before get_message engLen=2
[DEBUG] after get_message, msgType=0x48, before Analyze
[DEBUG] Analyze: engType=72
[DEBUG] after Analyze, stop=0
[DEBUG] field::process() type=42 step=1 units=3
[DEBUG] field::process() type=42 step=2 units=3
[DEBUG] field::process() type=42 step=3 units=3
[DEBUG] field::process() type=45 step=0 units=4
[DEBUG] field::process() type=73 step=0 units=5
[DEBUG] field::process() type=73 step=1 units=5
[DEBUG] before get_message engLen=9
[DEBUG] after get_message, msgType=0x5d, before Analyze
[DEBUG] Analyze: engType=93
[DEBUG] after Analyze, stop=0
[DEBUG] field::process() type=73 step=2 units=5
[DEBUG] field::process() type=45 step=1 units=4
[DEBUG] field::process() type=42 step=4 units=3
[DEBUG] field::process() type=42 step=5 units=3
[DEBUG] before get_message engLen=2
[DEBUG] after get_message, msgType=0x49, before Analyze
[DEBUG] Analyze: engType=73
[DEBUG] after Analyze, stop=0
[DEBUG] field::process() type=42 step=10 units=3
[DEBUG] field::process() type=1 step=0 units=4
[DEBUG] field::process() type=1 step=1 units=4
[DEBUG] field::process() type=1 step=2 units=4
[DEBUG] field::process() type=5 step=0 units=5
[DEBUG] field::process() type=5 step=1 units=5
[DEBUG] field::process() type=5 step=3 units=5
[DEBUG] field::process() type=5 step=5 units=5
[DEBUG] field::process() type=5 step=7 units=5
[DEBUG] field::process() type=1 step=3 units=4
[DEBUG] field::process() type=1 step=4 units=4
[DEBUG] field::process() type=1 step=5 units=4
[DEBUG] field::process() type=1 step=8 units=4
[DEBUG] field::process() type=1 step=9 units=4
[DEBUG] field::process() type=1 step=10 units=4
[DEBUG] field::process() type=1 step=11 units=4
[DEBUG] field::process() type=1 step=12 units=4
[DEBUG] field::process() type=1 step=13 units=4
[DEBUG] field::process() type=1 step=14 units=4
[DEBUG] field::process() type=1 step=15 units=4
[DEBUG] field::process() type=1 step=16 units=4
[DEBUG] field::process() type=42 step=11 units=3
[DEBUG] field::process() type=42 step=12 units=3
[DEBUG] before get_message engLen=1
[DEBUG] after get_message, msgType=0x4a, before Analyze
[DEBUG] Analyze: engType=74
[DEBUG] after Analyze, stop=0
[DEBUG] field::process() type=42 step=13 units=3
[DEBUG] field::process() type=1 step=0 units=4
[DEBUG] field::process() type=1 step=1 units=4
[DEBUG] field::process() type=1 step=2 units=4
[DEBUG] field::process() type=5 step=0 units=5
[DEBUG] field::process() type=5 step=1 units=5
[DEBUG] field::process() type=5 step=3 units=5
[DEBUG] field::process() type=5 step=5 units=5
[DEBUG] field::process() type=5 step=7 units=5
[DEBUG] field::process() type=1 step=3 units=4
[DEBUG] field::process() type=1 step=4 units=4
[DEBUG] field::process() type=1 step=5 units=4
[DEBUG] field::process() type=1 step=8 units=4
[DEBUG] field::process() type=1 step=9 units=4
[DEBUG] field::process() type=1 step=10 units=4
[DEBUG] field::process() type=1 step=11 units=4
[DEBUG] field::process() type=1 step=12 units=4
[DEBUG] field::process() type=1 step=13 units=4
[DEBUG] field::process() type=1 step=14 units=4
[DEBUG] field::process() type=1 step=15 units=4
[DEBUG] field::process() type=1 step=16 units=4
[DEBUG] field::process() type=30 step=0 units=3
[DEBUG] field::process() type=30 step=2 units=3
[DEBUG] field::process() type=30 step=3 units=3
[DEBUG] field::process() type=30 step=4 units=3
[DEBUG] field::process() type=30 step=6 units=3
[DEBUG] field::process() type=30 step=7 units=3
[DEBUG] field::process() type=30 step=8 units=3
[DEBUG] field::process() type=30 step=9 units=3
[DEBUG] field::process() type=31 step=0 units=4
[DEBUG] field::process() type=31 step=1 units=4
[DEBUG] field::process() type=31 step=2 units=4
[DEBUG] field::process() type=16 step=0 units=5
[DEBUG] before get_message engLen=12
[DEBUG] after get_message, msgType=0x10, before Analyze
[DEBUG] Analyze: engType=16
[DEBUG] WaitforResponse: playerid=0 active_field=2
[DEBUG] WaitforResponseAfterRewrite: playerid=0 active_field=2
[DEBUG] after Analyze, stop=1
[DEBUG] set_active_field: 2->2 new game_field=0000000000E0A610 temp_card=0000000000E0C9C0
[DEBUG] GetResponse ENTER: dp->type=2 active_field=2 len=4
[DEBUG] field::process() type=16 step=1 units=5
[DEBUG] field::process() type=31 step=3 units=4
[DEBUG] field::process() type=31 step=1 units=4
[DEBUG] field::process() type=31 step=2 units=4
[DEBUG] field::process() type=16 step=0 units=5
[DEBUG] field::process() type=31 step=3 units=4
[DEBUG] field::process() type=30 step=10 units=3
[DEBUG] field::process() type=32 step=0 units=2
[DEBUG] field::process() type=10 step=0 units=3
[DEBUG] before get_message engLen=29
[DEBUG] after get_message, msgType=0xb, before Analyze
[DEBUG] Analyze: engType=11
[DEBUG] WaitforResponse: playerid=0 active_field=2
[DEBUG] WaitforResponseAfterRewrite: playerid=0 active_field=2
[DEBUG] after Analyze, stop=1
[DEBUG] set_active_field: 2->2 new game_field=0000000000E0A610 temp_card=0000000000E0C9C0
[DEBUG] GetResponse ENTER: dp->type=2 active_field=2 len=4
[DEBUG] field::process() type=10 step=1 units=3
[DEBUG] step是=1
[DEBUG] field::process() type=32 step=1 units=2
[DEBUG] before get_message engLen=7
[DEBUG] after get_message, msgType=0x2, before Analyze
[DEBUG] Analyze: engType=2
[DEBUG] after Analyze, stop=0
[DEBUG] field::process() type=31 step=0 units=3
[DEBUG] field::process() type=31 step=1 units=3
[DEBUG] field::process() type=31 step=2 units=3
[DEBUG] field::process() type=16 step=0 units=4
[DEBUG] field::process() type=31 step=3 units=3
[DEBUG] field::process() type=32 step=10 units=2
[DEBUG] field::process() type=1 step=0 units=3
[DEBUG] field::process() type=1 step=1 units=3
[DEBUG] field::process() type=1 step=2 units=3
[DEBUG] field::process() type=5 step=0 units=4
[DEBUG] field::process() type=5 step=1 units=4
[DEBUG] field::process() type=5 step=3 units=4
[DEBUG] field::process() type=5 step=5 units=4
[DEBUG] field::process() type=5 step=7 units=4
[DEBUG] field::process() type=1 step=3 units=3
[DEBUG] field::process() type=1 step=4 units=3
[DEBUG] field::process() type=1 step=5 units=3
[DEBUG] field::process() type=1 step=8 units=3
[DEBUG] field::process() type=1 step=9 units=3
[DEBUG] field::process() type=1 step=10 units=3
[DEBUG] field::process() type=1 step=11 units=3
[DEBUG] field::process() type=1 step=12 units=3
[DEBUG] field::process() type=1 step=13 units=3
[DEBUG] field::process() type=1 step=14 units=3
[DEBUG] field::process() type=1 step=15 units=3
[DEBUG] field::process() type=1 step=16 units=3
[DEBUG] field::process() type=32 step=11 units=2
[DEBUG] field::process() type=3 step=8 units=1
[DEBUG] before get_message engLen=1
[DEBUG] after get_message, msgType=0x2b, before Analyze
[DEBUG] Analyze: engType=43
[DEBUG] after Analyze, stop=1
[DEBUG] set_active_field: 2->3 new game_field=0000000000E0CFB0 temp_card=0000000000E154F0
[DEBUG] GetResponse ENTER: dp->type=3 active_field=3 len=4
[DEBUG] field::process() type=10 step=1 units=3
[DEBUG] step是=1
[DEBUG] field::process() type=32 step=1 units=2
[DEBUG] before get_message engLen=7
[DEBUG] after get_message, msgType=0x2, before Analyze
[DEBUG] Analyze: engType=2
[DEBUG] after Analyze, stop=0
[DEBUG] field::process() type=31 step=0 units=3
[DEBUG] field::process() type=31 step=1 units=3
[DEBUG] field::process() type=31 step=2 units=3
[DEBUG] field::process() type=16 step=0 units=4
[DEBUG] field::process() type=31 step=3 units=3
[DEBUG] field::process() type=32 step=10 units=2
[DEBUG] field::process() type=1 step=0 units=3
[DEBUG] field::process() type=1 step=1 units=3
[DEBUG] field::process() type=1 step=2 units=3
[DEBUG] field::process() type=5 step=0 units=4
[DEBUG] field::process() type=5 step=1 units=4
[DEBUG] field::process() type=5 step=3 units=4
[DEBUG] field::process() type=5 step=5 units=4
[DEBUG] field::process() type=5 step=7 units=4
[DEBUG] field::process() type=1 step=3 units=3
[DEBUG] field::process() type=1 step=4 units=3
[DEBUG] field::process() type=1 step=5 units=3
[DEBUG] field::process() type=1 step=8 units=3
[DEBUG] field::process() type=1 step=9 units=3
[DEBUG] field::process() type=1 step=10 units=3
[DEBUG] field::process() type=1 step=11 units=3
[DEBUG] field::process() type=1 step=12 units=3
[DEBUG] field::process() type=1 step=13 units=3
[DEBUG] field::process() type=1 step=14 units=3
[DEBUG] field::process() type=1 step=15 units=3
[DEBUG] field::process() type=1 step=16 units=3
[DEBUG] field::process() type=32 step=11 units=2
[DEBUG] field::process() type=3 step=8 units=1
[DEBUG] before get_message engLen=1
[DEBUG] after get_message, msgType=0x2b, before Analyze
[DEBUG] Analyze: engType=43
[DEBUG] after Analyze, stop=1
[DEBUG] set_active_field: 3->0 new game_field=0000000000D70290 temp_card=0000000000EA32B0
[DEBUG] GetResponse ENTER: dp->type=0 active_field=0 len=4
[DEBUG] field::process() type=10 step=1 units=3
[DEBUG] step是=1
[DEBUG] field::process() type=32 step=1 units=2
[DEBUG] before get_message engLen=7
[DEBUG] after get_message, msgType=0x2, before Analyze
[DEBUG] Analyze: engType=2
[DEBUG] after Analyze, stop=0
[DEBUG] field::process() type=31 step=0 units=3
[DEBUG] field::process() type=31 step=1 units=3
[DEBUG] field::process() type=31 step=2 units=3
[DEBUG] field::process() type=16 step=0 units=4
[DEBUG] field::process() type=31 step=3 units=3
[DEBUG] field::process() type=32 step=10 units=2
[DEBUG] field::process() type=1 step=0 units=3
[DEBUG] field::process() type=1 step=1 units=3
[DEBUG] field::process() type=1 step=2 units=3
[DEBUG] field::process() type=5 step=0 units=4
[DEBUG] field::process() type=5 step=1 units=4
[DEBUG] field::process() type=5 step=3 units=4
[DEBUG] field::process() type=5 step=5 units=4
[DEBUG] field::process() type=5 step=7 units=4
[DEBUG] field::process() type=1 step=3 units=3
[DEBUG] field::process() type=1 step=4 units=3
[DEBUG] field::process() type=1 step=5 units=3
[DEBUG] field::process() type=1 step=8 units=3
[DEBUG] field::process() type=1 step=9 units=3
[DEBUG] field::process() type=1 step=10 units=3
[DEBUG] field::process() type=1 step=11 units=3
[DEBUG] field::process() type=1 step=12 units=3
[DEBUG] field::process() type=1 step=13 units=3
[DEBUG] field::process() type=1 step=14 units=3
[DEBUG] field::process() type=1 step=15 units=3
[DEBUG] field::process() type=1 step=16 units=3
[DEBUG] field::process() type=32 step=11 units=2
[DEBUG] field::process() type=3 step=8 units=1
[DEBUG] before get_message engLen=1
[DEBUG] after get_message, msgType=0x2b, before Analyze
[DEBUG] Analyze: engType=43
[DEBUG] after Analyze, stop=1
[DEBUG] set_active_field: 0->1 new game_field=0000000000D5F250 temp_card=0000000000E06010
[DEBUG] GetResponse ENTER: dp->type=1 active_field=1 len=4
[DEBUG] field::process() type=10 step=1 units=3
[DEBUG] step是=1
[DEBUG] field::process() type=32 step=1 units=2
[DEBUG] before get_message engLen=7
[DEBUG] after get_message, msgType=0x2, before Analyze
[DEBUG] Analyze: engType=2
[DEBUG] after Analyze, stop=0
[DEBUG] field::process() type=31 step=0 units=3
[DEBUG] field::process() type=31 step=1 units=3
[DEBUG] field::process() type=31 step=2 units=3
[DEBUG] field::process() type=16 step=0 units=4
[DEBUG] field::process() type=31 step=3 units=3
[DEBUG] field::process() type=32 step=10 units=2
[DEBUG] field::process() type=1 step=0 units=3
[DEBUG] field::process() type=1 step=1 units=3
[DEBUG] field::process() type=1 step=2 units=3
[DEBUG] field::process() type=5 step=0 units=4
[DEBUG] field::process() type=5 step=1 units=4
[DEBUG] field::process() type=5 step=3 units=4
[DEBUG] field::process() type=5 step=5 units=4
[DEBUG] field::process() type=5 step=7 units=4
[DEBUG] field::process() type=1 step=3 units=3
[DEBUG] field::process() type=1 step=4 units=3
[DEBUG] field::process() type=1 step=5 units=3
[DEBUG] field::process() type=1 step=8 units=3
[DEBUG] field::process() type=1 step=9 units=3
[DEBUG] field::process() type=1 step=10 units=3
[DEBUG] field::process() type=1 step=11 units=3
[DEBUG] field::process() type=1 step=12 units=3
[DEBUG] field::process() type=1 step=13 units=3
[DEBUG] field::process() type=1 step=14 units=3
[DEBUG] field::process() type=1 step=15 units=3
[DEBUG] field::process() type=1 step=16 units=3
[DEBUG] field::process() type=32 step=11 units=2
[DEBUG] field::process() type=3 step=8 units=1
[DEBUG] before get_message engLen=1
[DEBUG] after get_message, msgType=0x2b, before Analyze
[DEBUG] Analyze: engType=43
[DEBUG] 战斗配队场地=0 玩家0是=0[DEBUG] 战斗配队场地=0 玩家1是=2[DEBUG] 战斗配队场地=1 玩家0是=1[DEBUG] 战斗配队场地=1 玩家1是=3[DEBUG] set_active_field: 1->4 new game_field=0000000000E15AE0 temp_card=0000000000E1BEF0
[DEBUG] set_active_field: 4->5 new game_field=0000000000E1C4E0 temp_card=0000000000E1E760
[DEBUG] set_active_field: 5->4 new game_field=0000000000E15AE0 temp_card=0000000000EFE5F0
[DEBUG] field::process() type=1 step=0 units=3
[DEBUG] field::process() type=1 step=1 units=3
[DEBUG] field::process() type=1 step=2 units=3
[DEBUG] field::process() type=5 step=0 units=4
[DEBUG] field::process() type=5 step=1 units=4
[DEBUG] field::process() type=5 step=3 units=4
[DEBUG] field::process() type=5 step=5 units=4
[DEBUG] field::process() type=5 step=7 units=4
[DEBUG] field::process() type=1 step=3 units=3
[DEBUG] field::process() type=1 step=4 units=3
[DEBUG] field::process() type=1 step=5 units=3
[DEBUG] field::process() type=1 step=8 units=3
[DEBUG] field::process() type=1 step=9 units=3
[DEBUG] field::process() type=1 step=10 units=3
[DEBUG] field::process() type=1 step=11 units=3
[DEBUG] field::process() type=1 step=12 units=3
[DEBUG] before get_message engLen=26
[DEBUG] after get_message, msgType=0x21, before Analyze
[DEBUG] Analyze: engType=33
[DEBUG] Analyze: engType=33
[DEBUG] after Analyze, stop=0
[DEBUG] field::process() type=1 step=13 units=3
[DEBUG] field::process() type=1 step=14 units=3
[DEBUG] field::process() type=1 step=15 units=3
[DEBUG] field::process() type=1 step=16 units=3
[DEBUG] field::process() type=6 step=0 units=2
[DEBUG] before get_message engLen=4
[DEBUG] after get_message, msgType=0xc8, before Analyze
[DEBUG] Analyze: engType=200
[DEBUG] after Analyze, stop=0
[DEBUG] field::process() type=3 step=0 units=1
[DEBUG] field::process() type=3 step=9 units=1
[DEBUG] before get_message engLen=3
[DEBUG] after get_message, msgType=0x29, before Analyze
[DEBUG] Analyze: engType=41
[DEBUG] after Analyze, stop=0
[DEBUG] field::process() type=1 step=0 units=2
[DEBUG] field::process() type=1 step=1 units=2
[DEBUG] field::process() type=1 step=2 units=2
[DEBUG] field::process() type=5 step=0 units=3
[DEBUG] field::process() type=5 step=1 units=3
[DEBUG] field::process() type=5 step=3 units=3
[DEBUG] field::process() type=5 step=5 units=3
[DEBUG] field::process() type=5 step=7 units=3
[DEBUG] field::process() type=1 step=3 units=2
[DEBUG] field::process() type=1 step=4 units=2
[DEBUG] field::process() type=1 step=5 units=2
[DEBUG] field::process() type=1 step=8 units=2
[DEBUG] field::process() type=1 step=9 units=2
[DEBUG] field::process() type=1 step=10 units=2
[DEBUG] field::process() type=1 step=11 units=2
[DEBUG] field::process() type=1 step=12 units=2
[DEBUG] field::process() type=1 step=13 units=2
[DEBUG] field::process() type=1 step=14 units=2
[DEBUG] field::process() type=1 step=15 units=2
[DEBUG] field::process() type=1 step=16 units=2
[DEBUG] field::process() type=3 step=10 units=1
[DEBUG] field::process() type=33 step=0 units=2
[DEBUG] field::process() type=33 step=2 units=2
[DEBUG] field::process() type=33 step=0 units=2
[DEBUG] field::process() type=33 step=2 units=2
[DEBUG] field::process() type=33 step=20 units=2
[DEBUG] field::process() type=33 step=25 units=2
[DEBUG] field::process() type=1 step=0 units=3
[DEBUG] field::process() type=1 step=1 units=3
[DEBUG] field::process() type=1 step=2 units=3
[DEBUG] field::process() type=5 step=0 units=4
[DEBUG] field::process() type=5 step=1 units=4
[DEBUG] field::process() type=5 step=3 units=4
[DEBUG] field::process() type=5 step=5 units=4
[DEBUG] field::process() type=5 step=7 units=4
[DEBUG] field::process() type=1 step=3 units=3
[DEBUG] field::process() type=1 step=4 units=3
[DEBUG] field::process() type=1 step=5 units=3
[DEBUG] field::process() type=1 step=8 units=3
[DEBUG] field::process() type=1 step=9 units=3
[DEBUG] field::process() type=1 step=10 units=3
[DEBUG] field::process() type=1 step=11 units=3
[DEBUG] field::process() type=1 step=12 units=3
[DEBUG] field::process() type=1 step=13 units=3
[DEBUG] field::process() type=1 step=14 units=3
[DEBUG] field::process() type=1 step=15 units=3
[DEBUG] field::process() type=1 step=16 units=3
[DEBUG] field::process() type=33 step=26 units=2
[DEBUG] field::process() type=3 step=11 units=1
[DEBUG] field::process() type=34 step=0 units=2
[DEBUG] field::process() type=12 step=0 units=3
[DEBUG] before get_message engLen=14
[DEBUG] after get_message, msgType=0xa, before Analyze
[DEBUG] Analyze: engType=10
[DEBUG] WaitforResponse: playerid=0 active_field=4
[DEBUG] WaitforResponseAfterRewrite: playerid=0 active_field=4
[DEBUG] after Analyze, stop=1
[DEBUG] set_active_field: 4->5 new game_field=0000000000E1C2F0 temp_card=0000000000F7B770
[DEBUG] field::process() type=1 step=0 units=3
[DEBUG] field::process() type=1 step=1 units=3
[DEBUG] field::process() type=1 step=2 units=3
[DEBUG] field::process() type=5 step=0 units=4
[DEBUG] field::process() type=5 step=1 units=4
[DEBUG] field::process() type=5 step=3 units=4
[DEBUG] field::process() type=5 step=5 units=4
[DEBUG] field::process() type=5 step=7 units=4
[DEBUG] field::process() type=1 step=3 units=3
[DEBUG] field::process() type=1 step=4 units=3
[DEBUG] field::process() type=1 step=5 units=3
[DEBUG] field::process() type=1 step=8 units=3
[DEBUG] field::process() type=1 step=9 units=3
[DEBUG] field::process() type=1 step=10 units=3
[DEBUG] field::process() type=1 step=11 units=3
[DEBUG] field::process() type=1 step=12 units=3
[DEBUG] before get_message engLen=26
[DEBUG] after get_message, msgType=0x21, before Analyze
[DEBUG] Analyze: engType=33
[DEBUG] Analyze: engType=33
[DEBUG] after Analyze, stop=0
[DEBUG] field::process() type=1 step=13 units=3
[DEBUG] field::process() type=1 step=14 units=3
[DEBUG] field::process() type=1 step=15 units=3
[DEBUG] field::process() type=1 step=16 units=3
[DEBUG] field::process() type=6 step=0 units=2
[DEBUG] before get_message engLen=4
[DEBUG] after get_message, msgType=0xc8, before Analyze
[DEBUG] Analyze: engType=200
[DEBUG] after Analyze, stop=0
[DEBUG] field::process() type=3 step=0 units=1
[DEBUG] field::process() type=3 step=9 units=1
[DEBUG] before get_message engLen=3
[DEBUG] after get_message, msgType=0x29, before Analyze
[DEBUG] Analyze: engType=41
[DEBUG] after Analyze, stop=0
[DEBUG] field::process() type=1 step=0 units=2
[DEBUG] field::process() type=1 step=1 units=2
[DEBUG] field::process() type=1 step=2 units=2
[DEBUG] field::process() type=5 step=0 units=3
[DEBUG] field::process() type=5 step=1 units=3
[DEBUG] field::process() type=5 step=3 units=3
[DEBUG] field::process() type=5 step=5 units=3
[DEBUG] field::process() type=5 step=7 units=3
[DEBUG] field::process() type=1 step=3 units=2
[DEBUG] field::process() type=1 step=4 units=2
[DEBUG] field::process() type=1 step=5 units=2
[DEBUG] field::process() type=1 step=8 units=2
[DEBUG] field::process() type=1 step=9 units=2
[DEBUG] field::process() type=1 step=10 units=2
[DEBUG] field::process() type=1 step=11 units=2
[DEBUG] field::process() type=1 step=12 units=2
[DEBUG] field::process() type=1 step=13 units=2
[DEBUG] field::process() type=1 step=14 units=2
[DEBUG] field::process() type=1 step=15 units=2
[DEBUG] field::process() type=1 step=16 units=2
[DEBUG] field::process() type=3 step=10 units=1
[DEBUG] field::process() type=33 step=0 units=2
[DEBUG] field::process() type=33 step=2 units=2
[DEBUG] field::process() type=33 step=0 units=2
[DEBUG] field::process() type=33 step=2 units=2
[DEBUG] field::process() type=33 step=20 units=2
[DEBUG] field::process() type=33 step=25 units=2
[DEBUG] field::process() type=1 step=0 units=3
[DEBUG] field::process() type=1 step=1 units=3
[DEBUG] field::process() type=1 step=2 units=3
[DEBUG] field::process() type=5 step=0 units=4
[DEBUG] field::process() type=5 step=1 units=4
[DEBUG] field::process() type=5 step=3 units=4
[DEBUG] field::process() type=5 step=5 units=4
[DEBUG] field::process() type=5 step=7 units=4
[DEBUG] field::process() type=1 step=3 units=3
[DEBUG] field::process() type=1 step=4 units=3
[DEBUG] field::process() type=1 step=5 units=3
[DEBUG] field::process() type=1 step=8 units=3
[DEBUG] field::process() type=1 step=9 units=3
[DEBUG] field::process() type=1 step=10 units=3
[DEBUG] field::process() type=1 step=11 units=3
[DEBUG] field::process() type=1 step=12 units=3
[DEBUG] field::process() type=1 step=13 units=3
[DEBUG] field::process() type=1 step=14 units=3
[DEBUG] field::process() type=1 step=15 units=3
[DEBUG] field::process() type=1 step=16 units=3
[DEBUG] field::process() type=33 step=26 units=2
[DEBUG] field::process() type=3 step=11 units=1
[DEBUG] field::process() type=34 step=0 units=2
[DEBUG] field::process() type=12 step=0 units=3
[DEBUG] before get_message engLen=14
[DEBUG] after get_message, msgType=0xa, before Analyze
[DEBUG] Analyze: engType=10
[DEBUG] WaitforResponse: playerid=0 active_field=5
[DEBUG] WaitforResponseAfterRewrite: playerid=0 active_field=5
[DEBUG] after Analyze, stop=1
[DEBUG] after Analyze, stop=1
[DEBUG] set_active_field: 5->5 new game_field=0000000000E1C2F0 temp_card=0000000000F7B770
[DEBUG] GetResponse ENTER: dp->type=1 active_field=5 len=4
[DEBUG] field::process() type=12 step=1 units=3
[DEBUG] field::process() type=34 step=1 units=2
[DEBUG] field::process() type=34 step=3 units=2
[DEBUG] field::process() type=34 step=4 units=2
[DEBUG] before get_message engLen=7
[DEBUG] after get_message, msgType=0x2, before Analyze
[DEBUG] Analyze: engType=2
[DEBUG] after Analyze, stop=0
[DEBUG] field::process() type=15 step=0 units=3
[DEBUG] before get_message engLen=14
[DEBUG] after get_message, msgType=0xf, before Analyze
[DEBUG] Analyze: engType=15
[DEBUG] WaitforResponse: playerid=0 active_field=5
[DEBUG] WaitforResponseAfterRewrite: playerid=0 active_field=5
[DEBUG] after Analyze, stop=1
[DEBUG] set_active_field: 5->5 new game_field=0000000000E1C2F0 temp_card=0000000000F7B770
[DEBUG] GetResponse ENTER: dp->type=1 active_field=5 len=2
[DEBUG] field::process() type=15 step=1 units=3
[DEBUG] field::process() type=34 step=6 units=2
[DEBUG] field::process() type=34 step=7 units=2
[DEBUG] field::process() type=34 step=8 units=2
[DEBUG] before get_message engLen=9
[DEBUG] after get_message, msgType=0x6e, before Analyze
[DEBUG] Analyze: engType=110
[DEBUG] after Analyze, stop=0
[DEBUG] field::process() type=30 step=0 units=3
[DEBUG] field::process() type=30 step=2 units=3
[DEBUG] field::process() type=30 step=3 units=3
[DEBUG] field::process() type=30 step=4 units=3
[DEBUG] field::process() type=30 step=6 units=3
[DEBUG] field::process() type=30 step=7 units=3
[DEBUG] field::process() type=30 step=8 units=3
[DEBUG] field::process() type=30 step=9 units=3
[DEBUG] field::process() type=31 step=0 units=4
[DEBUG] field::process() type=31 step=1 units=4
[DEBUG] field::process() type=31 step=2 units=4
[DEBUG] field::process() type=16 step=0 units=5
[DEBUG] before get_message engLen=12
[DEBUG] after get_message, msgType=0x10, before Analyze
[DEBUG] Analyze: engType=16
[DEBUG] WaitforResponse: playerid=0 active_field=5
[DEBUG] WaitforResponseAfterRewrite: playerid=0 active_field=5
[DEBUG] after Analyze, stop=1
[DEBUG] set_active_field: 5->5 new game_field=0000000000E1C2F0 temp_card=0000000000F7B770
[DEBUG] GetResponse ENTER: dp->type=1 active_field=5 len=4
[DEBUG] field::process() type=16 step=1 units=5
[DEBUG] field::process() type=31 step=3 units=4
[DEBUG] field::process() type=31 step=1 units=4
[DEBUG] field::process() type=31 step=2 units=4
[DEBUG] field::process() type=16 step=0 units=5
[DEBUG] before get_message engLen=12
[DEBUG] after get_message, msgType=0x10, before Analyze
[DEBUG] Analyze: engType=16
[DEBUG] WaitforResponse: playerid=1 active_field=5
[DEBUG] WaitforResponseAfterRewrite: playerid=1 active_field=5
[DEBUG] after Analyze, stop=1
[DEBUG] set_active_field: 5->5 new game_field=0000000000E1C2F0 temp_card=0000000000F7B770
[DEBUG] GetResponse ENTER: dp->type=3 active_field=5 len=4
[DEBUG] field::process() type=16 step=1 units=5
[DEBUG] field::process() type=31 step=3 units=4
[DEBUG] field::process() type=30 step=10 units=3
[DEBUG] field::process() type=34 step=9 units=2
[DEBUG] before get_message engLen=14
[DEBUG] after get_message, msgType=0x2, before Analyze
[DEBUG] Analyze: engType=2
[DEBUG] Analyze: engType=2
[DEBUG] after Analyze, stop=0
[DEBUG] field::process() type=30 step=30 units=3
[DEBUG] field::process() type=30 step=32 units=3
[DEBUG] field::process() type=30 step=0 units=3
[DEBUG] field::process() type=30 step=2 units=3
[DEBUG] field::process() type=30 step=3 units=3
[DEBUG] field::process() type=30 step=4 units=3
[DEBUG] field::process() type=30 step=6 units=3
[DEBUG] field::process() type=30 step=7 units=3
[DEBUG] field::process() type=30 step=8 units=3
[DEBUG] field::process() type=30 step=9 units=3
[DEBUG] field::process() type=31 step=0 units=4
[DEBUG] field::process() type=31 step=1 units=4
[DEBUG] field::process() type=31 step=2 units=4
[DEBUG] field::process() type=16 step=0 units=5
[DEBUG] before get_message engLen=12
[DEBUG] after get_message, msgType=0x10, before Analyze
[DEBUG] Analyze: engType=16
[DEBUG] WaitforResponse: playerid=0 active_field=5
[DEBUG] WaitforResponseAfterRewrite: playerid=0 active_field=5
[DEBUG] after Analyze, stop=1
[DEBUG] set_active_field: 5->5 new game_field=0000000000E1C2F0 temp_card=0000000000F7B770
[DEBUG] GetResponse ENTER: dp->type=1 active_field=5 len=4
[DEBUG] field::process() type=16 step=1 units=5
[DEBUG] field::process() type=31 step=3 units=4
[DEBUG] field::process() type=31 step=1 units=4
[DEBUG] field::process() type=31 step=2 units=4
[DEBUG] field::process() type=16 step=0 units=5
[DEBUG] before get_message engLen=12
[DEBUG] after get_message, msgType=0x10, before Analyze
[DEBUG] Analyze: engType=16
[DEBUG] WaitforResponse: playerid=1 active_field=5
[DEBUG] WaitforResponseAfterRewrite: playerid=1 active_field=5
[DEBUG] after Analyze, stop=1
[DEBUG] set_active_field: 5->5 new game_field=0000000000E1C2F0 temp_card=0000000000F7B770
[DEBUG] GetResponse ENTER: dp->type=3 active_field=5 len=4
[DEBUG] field::process() type=16 step=1 units=5
[DEBUG] field::process() type=31 step=3 units=4
[DEBUG] field::process() type=30 step=10 units=3
[DEBUG] field::process() type=34 step=10 units=2
[DEBUG] field::process() type=1 step=0 units=3
[DEBUG] field::process() type=1 step=1 units=3
[DEBUG] field::process() type=1 step=2 units=3
[DEBUG] field::process() type=5 step=0 units=4
[DEBUG] field::process() type=5 step=1 units=4
[DEBUG] field::process() type=5 step=3 units=4
[DEBUG] field::process() type=5 step=5 units=4
[DEBUG] field::process() type=5 step=7 units=4
[DEBUG] field::process() type=1 step=3 units=3
[DEBUG] field::process() type=1 step=4 units=3
[DEBUG] field::process() type=1 step=5 units=3
[DEBUG] field::process() type=1 step=8 units=3
[DEBUG] field::process() type=1 step=9 units=3
[DEBUG] field::process() type=1 step=10 units=3
[DEBUG] field::process() type=1 step=11 units=3
[DEBUG] field::process() type=1 step=12 units=3
[DEBUG] field::process() type=1 step=13 units=3
[DEBUG] field::process() type=1 step=14 units=3
[DEBUG] field::process() type=1 step=15 units=3
[DEBUG] field::process() type=1 step=16 units=3
[DEBUG] field::process() type=34 step=11 units=2
[DEBUG] field::process() type=34 step=19 units=2
[DEBUG] field::process() type=1 step=0 units=3
[DEBUG] field::process() type=1 step=1 units=3
[DEBUG] field::process() type=1 step=2 units=3
[DEBUG] field::process() type=5 step=0 units=4
[DEBUG] field::process() type=5 step=1 units=4
[DEBUG] field::process() type=5 step=3 units=4
[DEBUG] field::process() type=5 step=5 units=4
[DEBUG] field::process() type=5 step=7 units=4
[DEBUG] field::process() type=1 step=3 units=3
[DEBUG] field::process() type=1 step=4 units=3
[DEBUG] field::process() type=1 step=5 units=3
[DEBUG] field::process() type=1 step=8 units=3
[DEBUG] field::process() type=1 step=9 units=3
[DEBUG] field::process() type=1 step=11 units=3
[DEBUG] field::process() type=1 step=12 units=3
[DEBUG] field::process() type=1 step=13 units=3
[DEBUG] field::process() type=1 step=14 units=3
[DEBUG] field::process() type=1 step=15 units=3
[DEBUG] field::process() type=1 step=16 units=3
[DEBUG] field::process() type=34 step=20 units=2
[DEBUG] before get_message engLen=15
[DEBUG] after get_message, msgType=0x71, before Analyze
[DEBUG] Analyze: engType=113
[DEBUG] Analyze: engType=2
[DEBUG] Analyze: engType=2
[DEBUG] after Analyze, stop=0
[DEBUG] field::process() type=30 step=0 units=3
[DEBUG] field::process() type=30 step=2 units=3
[DEBUG] field::process() type=30 step=3 units=3
[DEBUG] field::process() type=30 step=4 units=3
[DEBUG] field::process() type=30 step=6 units=3
[DEBUG] field::process() type=30 step=7 units=3
[DEBUG] field::process() type=30 step=8 units=3
[DEBUG] field::process() type=30 step=9 units=3
[DEBUG] field::process() type=31 step=0 units=4
[DEBUG] field::process() type=31 step=1 units=4
[DEBUG] field::process() type=31 step=2 units=4
[DEBUG] field::process() type=16 step=0 units=5
[DEBUG] before get_message engLen=12
[DEBUG] after get_message, msgType=0x10, before Analyze
[DEBUG] Analyze: engType=16
[DEBUG] WaitforResponse: playerid=0 active_field=5
[DEBUG] WaitforResponseAfterRewrite: playerid=0 active_field=5
[DEBUG] after Analyze, stop=1
[DEBUG] set_active_field: 5->5 new game_field=0000000000E1C2F0 temp_card=0000000000F7B770
[DEBUG] GetResponse ENTER: dp->type=1 active_field=5 len=4
[DEBUG] field::process() type=16 step=1 units=5
[DEBUG] field::process() type=31 step=3 units=4
[DEBUG] field::process() type=31 step=1 units=4
[DEBUG] field::process() type=31 step=2 units=4
[DEBUG] field::process() type=16 step=0 units=5
[DEBUG] before get_message engLen=12
[DEBUG] after get_message, msgType=0x10, before Analyze
[DEBUG] Analyze: engType=16
[DEBUG] WaitforResponse: playerid=1 active_field=5
[DEBUG] WaitforResponseAfterRewrite: playerid=1 active_field=5
[DEBUG] after Analyze, stop=1
[DEBUG] set_active_field: 5->5 new game_field=0000000000E1C2F0 temp_card=0000000000F7B770
[DEBUG] GetResponse ENTER: dp->type=3 active_field=5 len=4
[DEBUG] field::process() type=16 step=1 units=5
[DEBUG] field::process() type=31 step=3 units=4
[DEBUG] field::process() type=30 step=10 units=3
[DEBUG] field::process() type=34 step=21 units=2
[DEBUG] field::process() type=34 step=22 units=2
[DEBUG] before get_message engLen=14
[DEBUG] after get_message, msgType=0x2, before Analyze
[DEBUG] Analyze: engType=2
[DEBUG] Analyze: engType=2
[DEBUG] after Analyze, stop=0
[DEBUG] field::process() type=30 step=0 units=3
[DEBUG] field::process() type=30 step=2 units=3
[DEBUG] field::process() type=30 step=3 units=3
[DEBUG] field::process() type=30 step=4 units=3
[DEBUG] field::process() type=30 step=6 units=3
[DEBUG] field::process() type=30 step=7 units=3
[DEBUG] field::process() type=30 step=8 units=3
[DEBUG] field::process() type=30 step=9 units=3
[DEBUG] field::process() type=31 step=0 units=4
[DEBUG] field::process() type=31 step=1 units=4
[DEBUG] field::process() type=31 step=2 units=4
[DEBUG] field::process() type=16 step=0 units=5
[DEBUG] before get_message engLen=12
[DEBUG] after get_message, msgType=0x10, before Analyze
[DEBUG] Analyze: engType=16
[DEBUG] WaitforResponse: playerid=0 active_field=5
[DEBUG] WaitforResponseAfterRewrite: playerid=0 active_field=5
[DEBUG] after Analyze, stop=1
[DEBUG] set_active_field: 5->5 new game_field=0000000000E1C2F0 temp_card=0000000000F7B770
[DEBUG] GetResponse ENTER: dp->type=1 active_field=5 len=4
[DEBUG] field::process() type=16 step=1 units=5
[DEBUG] field::process() type=31 step=3 units=4
[DEBUG] field::process() type=31 step=1 units=4
[DEBUG] field::process() type=31 step=2 units=4
[DEBUG] field::process() type=16 step=0 units=5
[DEBUG] before get_message engLen=12
[DEBUG] after get_message, msgType=0x10, before Analyze
[DEBUG] Analyze: engType=16
[DEBUG] WaitforResponse: playerid=1 active_field=5
[DEBUG] WaitforResponseAfterRewrite: playerid=1 active_field=5
[DEBUG] after Analyze, stop=1
[DEBUG] set_active_field: 5->5 new game_field=0000000000E1C2F0 temp_card=0000000000F7B770
[DEBUG] GetResponse ENTER: dp->type=3 active_field=5 len=4
[DEBUG] field::process() type=16 step=1 units=5
[DEBUG] field::process() type=31 step=3 units=4
[DEBUG] field::process() type=30 step=10 units=3
[DEBUG] field::process() type=34 step=23 units=2
[DEBUG] field::process() type=1 step=0 units=3
[DEBUG] field::process() type=1 step=1 units=3
[DEBUG] field::process() type=1 step=2 units=3
[DEBUG] field::process() type=5 step=0 units=4
[DEBUG] field::process() type=5 step=1 units=4
[DEBUG] field::process() type=5 step=3 units=4
[DEBUG] field::process() type=5 step=5 units=4
[DEBUG] field::process() type=5 step=7 units=4
[DEBUG] field::process() type=1 step=3 units=3
[DEBUG] field::process() type=1 step=4 units=3
[DEBUG] field::process() type=1 step=5 units=3
[DEBUG] field::process() type=1 step=8 units=3
[DEBUG] field::process() type=1 step=9 units=3
[DEBUG] field::process() type=1 step=11 units=3
[DEBUG] field::process() type=1 step=12 units=3
[DEBUG] field::process() type=1 step=13 units=3
[DEBUG] field::process() type=1 step=14 units=3
[DEBUG] field::process() type=1 step=15 units=3
[DEBUG] field::process() type=1 step=16 units=3
[DEBUG] field::process() type=34 step=24 units=2
[DEBUG] before get_message engLen=14
[DEBUG] after get_message, msgType=0x2, before Analyze
[DEBUG] Analyze: engType=2
[DEBUG] Analyze: engType=2
[DEBUG] after Analyze, stop=0
[DEBUG] field::process() type=30 step=0 units=3
[DEBUG] field::process() type=30 step=2 units=3
[DEBUG] field::process() type=30 step=3 units=3
[DEBUG] field::process() type=30 step=4 units=3
[DEBUG] field::process() type=30 step=6 units=3
[DEBUG] field::process() type=30 step=7 units=3
[DEBUG] field::process() type=30 step=8 units=3
[DEBUG] field::process() type=30 step=9 units=3
[DEBUG] field::process() type=31 step=0 units=4
[DEBUG] field::process() type=31 step=1 units=4
[DEBUG] field::process() type=31 step=2 units=4
[DEBUG] field::process() type=16 step=0 units=5
[DEBUG] before get_message engLen=12
[DEBUG] after get_message, msgType=0x10, before Analyze
[DEBUG] Analyze: engType=16
[DEBUG] WaitforResponse: playerid=0 active_field=5
[DEBUG] WaitforResponseAfterRewrite: playerid=0 active_field=5
[DEBUG] after Analyze, stop=1
[DEBUG] set_active_field: 5->5 new game_field=0000000000E1C2F0 temp_card=0000000000F7B770
[DEBUG] GetResponse ENTER: dp->type=1 active_field=5 len=4
[DEBUG] field::process() type=16 step=1 units=5
[DEBUG] field::process() type=31 step=3 units=4
[DEBUG] field::process() type=31 step=1 units=4
[DEBUG] field::process() type=31 step=2 units=4
[DEBUG] field::process() type=16 step=0 units=5
[DEBUG] before get_message engLen=12
[DEBUG] after get_message, msgType=0x10, before Analyze
[DEBUG] Analyze: engType=16
[DEBUG] WaitforResponse: playerid=1 active_field=5
[DEBUG] WaitforResponseAfterRewrite: playerid=1 active_field=5
[DEBUG] after Analyze, stop=1
[DEBUG] set_active_field: 5->5 new game_field=0000000000E1C2F0 temp_card=0000000000F7B770
[DEBUG] GetResponse ENTER: dp->type=3 active_field=5 len=4
[DEBUG] field::process() type=16 step=1 units=5
[DEBUG] field::process() type=31 step=3 units=4
[DEBUG] field::process() type=30 step=10 units=3
[DEBUG] field::process() type=34 step=25 units=2
[DEBUG] field::process() type=34 step=26 units=2
[DEBUG] before get_message engLen=27
[DEBUG] after get_message, msgType=0x6f, before Analyze
[DEBUG] Analyze: engType=111
[DEBUG] after Analyze, stop=0
[DEBUG] field::process() type=34 step=27 units=2
[DEBUG] field::process() type=71 step=0 units=4
[DEBUG] field::process() type=71 step=1 units=4
[DEBUG] before get_message engLen=6
[DEBUG] after get_message, msgType=0x5b, before Analyze
[DEBUG] Analyze: engType=91
[DEBUG] after Analyze, stop=0
[DEBUG] field::process() type=71 step=2 units=4
[DEBUG] field::process() type=1 step=0 units=3
[DEBUG] field::process() type=1 step=1 units=3
[DEBUG] field::process() type=1 step=2 units=3
[DEBUG] field::process() type=5 step=0 units=4
[DEBUG] field::process() type=5 step=1 units=4
[DEBUG] field::process() type=5 step=3 units=4
[DEBUG] field::process() type=5 step=5 units=4
[DEBUG] field::process() type=5 step=7 units=4
[DEBUG] field::process() type=1 step=3 units=3
[DEBUG] field::process() type=1 step=4 units=3
[DEBUG] field::process() type=1 step=5 units=3
[DEBUG] field::process() type=1 step=8 units=3
[DEBUG] field::process() type=1 step=9 units=3
[DEBUG] field::process() type=1 step=11 units=3
[DEBUG] field::process() type=1 step=12 units=3
[DEBUG] field::process() type=1 step=13 units=3
[DEBUG] field::process() type=1 step=14 units=3
[DEBUG] field::process() type=1 step=15 units=3
[DEBUG] field::process() type=1 step=16 units=3
[DEBUG] field::process() type=34 step=28 units=2
[DEBUG] field::process() type=50 step=10 units=3
[DEBUG] field::process() type=50 step=11 units=3
[DEBUG] field::process() type=56 step=0 units=4
[DEBUG] field::process() type=50 step=12 units=3
[DEBUG] field::process() type=34 step=29 units=2
[DEBUG] field::process() type=1 step=0 units=3
[DEBUG] field::process() type=1 step=1 units=3
[DEBUG] field::process() type=1 step=2 units=3
[DEBUG] field::process() type=5 step=0 units=4
[DEBUG] field::process() type=5 step=1 units=4
[DEBUG] field::process() type=5 step=3 units=4
[DEBUG] field::process() type=5 step=5 units=4
[DEBUG] field::process() type=5 step=7 units=4
[DEBUG] field::process() type=1 step=3 units=3
[DEBUG] field::process() type=1 step=4 units=3
[DEBUG] field::process() type=1 step=5 units=3
[DEBUG] field::process() type=1 step=8 units=3
[DEBUG] field::process() type=1 step=9 units=3
[DEBUG] field::process() type=1 step=11 units=3
[DEBUG] field::process() type=1 step=12 units=3
[DEBUG] field::process() type=1 step=13 units=3
[DEBUG] field::process() type=1 step=14 units=3
[DEBUG] field::process() type=1 step=15 units=3
[DEBUG] field::process() type=1 step=16 units=3
[DEBUG] field::process() type=34 step=30 units=2
[DEBUG] field::process() type=1 step=0 units=3
[DEBUG] field::process() type=1 step=1 units=3
[DEBUG] field::process() type=1 step=2 units=3
[DEBUG] field::process() type=5 step=0 units=4
[DEBUG] field::process() type=5 step=1 units=4
[DEBUG] field::process() type=5 step=3 units=4
[DEBUG] field::process() type=5 step=5 units=4
[DEBUG] field::process() type=5 step=7 units=4
[DEBUG] field::process() type=1 step=3 units=3
[DEBUG] field::process() type=1 step=4 units=3
[DEBUG] field::process() type=1 step=5 units=3
[DEBUG] field::process() type=1 step=8 units=3
[DEBUG] field::process() type=1 step=9 units=3
[DEBUG] field::process() type=1 step=10 units=3
[DEBUG] field::process() type=1 step=11 units=3
[DEBUG] field::process() type=1 step=12 units=3
[DEBUG] field::process() type=1 step=13 units=3
[DEBUG] field::process() type=1 step=14 units=3
[DEBUG] field::process() type=1 step=15 units=3
[DEBUG] field::process() type=1 step=16 units=3
[DEBUG] field::process() type=34 step=31 units=2
[DEBUG] before get_message engLen=14
[DEBUG] after get_message, msgType=0x2, before Analyze
[DEBUG] Analyze: engType=2
[DEBUG] Analyze: engType=2
[DEBUG] after Analyze, stop=0
[DEBUG] field::process() type=30 step=0 units=3
[DEBUG] field::process() type=30 step=2 units=3
[DEBUG] field::process() type=30 step=3 units=3
[DEBUG] field::process() type=30 step=4 units=3
[DEBUG] field::process() type=30 step=6 units=3
[DEBUG] field::process() type=30 step=7 units=3
[DEBUG] field::process() type=30 step=8 units=3
[DEBUG] field::process() type=30 step=9 units=3
[DEBUG] field::process() type=31 step=0 units=4
[DEBUG] field::process() type=31 step=1 units=4
[DEBUG] field::process() type=31 step=2 units=4
[DEBUG] field::process() type=16 step=0 units=5
[DEBUG] before get_message engLen=12
[DEBUG] after get_message, msgType=0x10, before Analyze
[DEBUG] Analyze: engType=16
[DEBUG] WaitforResponse: playerid=0 active_field=5
[DEBUG] WaitforResponseAfterRewrite: playerid=0 active_field=5
[DEBUG] after Analyze, stop=1
[DEBUG] set_active_field: 5->5 new game_field=0000000000E1C2F0 temp_card=0000000000F7B770
[DEBUG] GetResponse ENTER: dp->type=1 active_field=5 len=4
[DEBUG] field::process() type=16 step=1 units=5
[DEBUG] field::process() type=31 step=3 units=4
[DEBUG] field::process() type=31 step=1 units=4
[DEBUG] field::process() type=31 step=2 units=4
[DEBUG] field::process() type=16 step=0 units=5
[DEBUG] before get_message engLen=12
[DEBUG] after get_message, msgType=0x10, before Analyze
[DEBUG] Analyze: engType=16
[DEBUG] WaitforResponse: playerid=1 active_field=5
[DEBUG] WaitforResponseAfterRewrite: playerid=1 active_field=5
[DEBUG] after Analyze, stop=1
[DEBUG] set_active_field: 5->5 new game_field=0000000000E1C2F0 temp_card=0000000000F7B770
[DEBUG] GetResponse ENTER: dp->type=3 active_field=5 len=4
[DEBUG] field::process() type=16 step=1 units=5
[DEBUG] field::process() type=31 step=3 units=4
[DEBUG] field::process() type=30 step=10 units=3
[DEBUG] field::process() type=34 step=33 units=2
[DEBUG] field::process() type=50 step=3 units=4
[DEBUG] field::process() type=50 step=4 units=4
[DEBUG] field::process() type=52 step=1 units=5
[DEBUG] field::process() type=58 step=0 units=6
[DEBUG] field::process() type=52 step=2 units=5
[DEBUG] field::process() type=52 step=3 units=5
[DEBUG] field::process() type=52 step=4 units=5
[DEBUG] field::process() type=52 step=5 units=5
[DEBUG] field::process() type=52 step=6 units=5
[DEBUG] before get_message engLen=17
[DEBUG] after get_message, msgType=0x32, before Analyze
[DEBUG] Analyze: engType=50
[DEBUG] MSG_MOVE: cc=0 pc=0 cl=16 pl=4 active_field=5 IsBattleField=1
[DEBUG] after Analyze, stop=0
[DEBUG] field::process() type=52 step=5 units=5
[DEBUG] field::process() type=52 step=9 units=5
[DEBUG] field::process() type=52 step=10 units=5
[DEBUG] field::process() type=52 step=11 units=5
[DEBUG] field::process() type=50 step=5 units=4
[DEBUG] field::process() type=1 step=0 units=3
[DEBUG] field::process() type=1 step=1 units=3
[DEBUG] field::process() type=1 step=2 units=3
[DEBUG] field::process() type=5 step=0 units=4
[DEBUG] field::process() type=5 step=1 units=4
[DEBUG] field::process() type=5 step=3 units=4
[DEBUG] field::process() type=5 step=5 units=4
[DEBUG] field::process() type=5 step=7 units=4
[DEBUG] field::process() type=1 step=3 units=3
[DEBUG] field::process() type=1 step=4 units=3
[DEBUG] field::process() type=1 step=5 units=3
[DEBUG] field::process() type=1 step=8 units=3
[DEBUG] field::process() type=1 step=9 units=3
[DEBUG] field::process() type=1 step=10 units=3
[DEBUG] field::process() type=1 step=11 units=3
[DEBUG] field::process() type=1 step=12 units=3
[DEBUG] field::process() type=1 step=13 units=3
[DEBUG] field::process() type=1 step=14 units=3
[DEBUG] field::process() type=1 step=15 units=3
[DEBUG] field::process() type=1 step=16 units=3
[DEBUG] field::process() type=34 step=34 units=2
[DEBUG] before get_message engLen=14
[DEBUG] after get_message, msgType=0x2, before Analyze
[DEBUG] Analyze: engType=2
[DEBUG] Analyze: engType=2
[DEBUG] after Analyze, stop=0
[DEBUG] field::process() type=30 step=0 units=3
[DEBUG] field::process() type=30 step=2 units=3
[DEBUG] field::process() type=30 step=3 units=3
[DEBUG] field::process() type=30 step=4 units=3
[DEBUG] field::process() type=30 step=6 units=3
[DEBUG] field::process() type=30 step=7 units=3
[DEBUG] field::process() type=30 step=8 units=3
[DEBUG] field::process() type=30 step=9 units=3
[DEBUG] field::process() type=31 step=0 units=4
[DEBUG] field::process() type=31 step=1 units=4
[DEBUG] field::process() type=31 step=2 units=4
[DEBUG] field::process() type=16 step=0 units=5
[DEBUG] before get_message engLen=12
[DEBUG] after get_message, msgType=0x10, before Analyze
[DEBUG] Analyze: engType=16
[DEBUG] WaitforResponse: playerid=0 active_field=5
[DEBUG] WaitforResponseAfterRewrite: playerid=0 active_field=5
[DEBUG] after Analyze, stop=1
[DEBUG] set_active_field: 5->5 new game_field=0000000000E1C2F0 temp_card=0000000000F7B770
[DEBUG] GetResponse ENTER: dp->type=1 active_field=5 len=4
[DEBUG] field::process() type=16 step=1 units=5
[DEBUG] field::process() type=31 step=3 units=4
[DEBUG] field::process() type=31 step=1 units=4
[DEBUG] field::process() type=31 step=2 units=4
[DEBUG] field::process() type=16 step=0 units=5
[DEBUG] before get_message engLen=12
[DEBUG] after get_message, msgType=0x10, before Analyze
[DEBUG] Analyze: engType=16
[DEBUG] WaitforResponse: playerid=1 active_field=5
[DEBUG] WaitforResponseAfterRewrite: playerid=1 active_field=5
[DEBUG] after Analyze, stop=1
[DEBUG] set_active_field: 5->5 new game_field=0000000000E1C2F0 temp_card=0000000000F7B770
[DEBUG] GetResponse ENTER: dp->type=3 active_field=5 len=4
[DEBUG] field::process() type=16 step=1 units=5
[DEBUG] field::process() type=31 step=3 units=4
[DEBUG] field::process() type=30 step=10 units=3
[DEBUG] field::process() type=34 step=39 units=2
[DEBUG] before get_message engLen=1
[DEBUG] after get_message, msgType=0x72, before Analyze
[DEBUG] Analyze: engType=114
[DEBUG] after Analyze, stop=0
[DEBUG] field::process() type=1 step=0 units=3
[DEBUG] field::process() type=1 step=1 units=3
[DEBUG] field::process() type=1 step=2 units=3
[DEBUG] field::process() type=5 step=0 units=4
[DEBUG] field::process() type=5 step=1 units=4
[DEBUG] field::process() type=5 step=3 units=4
[DEBUG] field::process() type=5 step=5 units=4
[DEBUG] field::process() type=5 step=7 units=4
[DEBUG] field::process() type=1 step=3 units=3
[DEBUG] field::process() type=1 step=4 units=3
[DEBUG] field::process() type=1 step=5 units=3
[DEBUG] field::process() type=1 step=8 units=3
[DEBUG] field::process() type=1 step=9 units=3
[DEBUG] field::process() type=1 step=10 units=3
[DEBUG] field::process() type=1 step=11 units=3
[DEBUG] field::process() type=1 step=12 units=3
[DEBUG] field::process() type=1 step=13 units=3
[DEBUG] field::process() type=1 step=14 units=3
[DEBUG] field::process() type=1 step=15 units=3
[DEBUG] field::process() type=1 step=16 units=3
[DEBUG] field::process() type=34 step=0 units=2
[DEBUG] field::process() type=12 step=0 units=3
[DEBUG] before get_message engLen=6
[DEBUG] after get_message, msgType=0xa, before Analyze
[DEBUG] Analyze: engType=10
[DEBUG] WaitforResponse: playerid=0 active_field=5
[DEBUG] WaitforResponseAfterRewrite: playerid=0 active_field=5
[DEBUG] after Analyze, stop=1
[DEBUG] set_active_field: 5->4 new game_field=0000000000E15AE0 temp_card=0000000000EFE5F0
[DEBUG] GetResponse ENTER: dp->type=0 active_field=4 len=4
[DEBUG] field::process() type=12 step=1 units=3
[DEBUG] field::process() type=34 step=1 units=2
[DEBUG] field::process() type=34 step=3 units=2
[DEBUG] field::process() type=34 step=4 units=2
[DEBUG] before get_message engLen=7
[DEBUG] after get_message, msgType=0x2, before Analyze
[DEBUG] Analyze: engType=2
[DEBUG] after Analyze, stop=0
[DEBUG] field::process() type=15 step=0 units=3
[DEBUG] before get_message engLen=14
[DEBUG] after get_message, msgType=0xf, before Analyze
[DEBUG] Analyze: engType=15
[DEBUG] WaitforResponse: playerid=0 active_field=4
[DEBUG] WaitforResponseAfterRewrite: playerid=0 active_field=4
[DEBUG] after Analyze, stop=1
[DEBUG] set_active_field: 4->4 new game_field=0000000000E15AE0 temp_card=0000000000EFE5F0
[DEBUG] GetResponse ENTER: dp->type=0 active_field=4 len=2
[DEBUG] field::process() type=15 step=1 units=3
[DEBUG] field::process() type=34 step=6 units=2
[DEBUG] field::process() type=34 step=7 units=2
[DEBUG] field::process() type=34 step=8 units=2
[DEBUG] before get_message engLen=9
[DEBUG] after get_message, msgType=0x6e, before Analyze
[DEBUG] Analyze: engType=110
[DEBUG] after Analyze, stop=0
[DEBUG] field::process() type=30 step=0 units=3
[DEBUG] field::process() type=30 step=2 units=3
[DEBUG] field::process() type=30 step=3 units=3
[DEBUG] field::process() type=30 step=4 units=3
[DEBUG] field::process() type=30 step=6 units=3
[DEBUG] field::process() type=30 step=7 units=3
[DEBUG] field::process() type=30 step=8 units=3
[DEBUG] field::process() type=30 step=9 units=3
[DEBUG] field::process() type=31 step=0 units=4
[DEBUG] field::process() type=31 step=1 units=4
[DEBUG] field::process() type=31 step=2 units=4
[DEBUG] field::process() type=16 step=0 units=5
[DEBUG] before get_message engLen=12
[DEBUG] after get_message, msgType=0x10, before Analyze
[DEBUG] Analyze: engType=16
[DEBUG] WaitforResponse: playerid=0 active_field=4
[DEBUG] WaitforResponseAfterRewrite: playerid=0 active_field=4
[DEBUG] after Analyze, stop=1
[DEBUG] set_active_field: 4->4 new game_field=0000000000E15AE0 temp_card=0000000000EFE5F0
[DEBUG] GetResponse ENTER: dp->type=0 active_field=4 len=4
[DEBUG] field::process() type=16 step=1 units=5
[DEBUG] field::process() type=31 step=3 units=4
[DEBUG] field::process() type=31 step=1 units=4
[DEBUG] field::process() type=31 step=2 units=4
[DEBUG] field::process() type=16 step=0 units=5
[DEBUG] before get_message engLen=12
[DEBUG] after get_message, msgType=0x10, before Analyze
[DEBUG] Analyze: engType=16
[DEBUG] WaitforResponse: playerid=1 active_field=4
[DEBUG] WaitforResponseAfterRewrite: playerid=1 active_field=4
[DEBUG] after Analyze, stop=1
[DEBUG] set_active_field: 4->4 new game_field=0000000000E15AE0 temp_card=0000000000EFE5F0
[DEBUG] GetResponse ENTER: dp->type=2 active_field=4 len=4
[DEBUG] field::process() type=16 step=1 units=5
[DEBUG] field::process() type=31 step=3 units=4
[DEBUG] field::process() type=30 step=10 units=3
[DEBUG] field::process() type=34 step=9 units=2
[DEBUG] before get_message engLen=14
[DEBUG] after get_message, msgType=0x2, before Analyze
[DEBUG] Analyze: engType=2
[DEBUG] Analyze: engType=2
[DEBUG] after Analyze, stop=0
[DEBUG] field::process() type=30 step=30 units=3
[DEBUG] field::process() type=30 step=32 units=3
[DEBUG] field::process() type=30 step=0 units=3
[DEBUG] field::process() type=30 step=2 units=3
[DEBUG] field::process() type=30 step=3 units=3
[DEBUG] field::process() type=30 step=4 units=3
[DEBUG] field::process() type=30 step=6 units=3
[DEBUG] field::process() type=30 step=7 units=3
[DEBUG] field::process() type=30 step=8 units=3
[DEBUG] field::process() type=30 step=9 units=3
[DEBUG] field::process() type=31 step=0 units=4
[DEBUG] field::process() type=31 step=1 units=4
[DEBUG] field::process() type=31 step=2 units=4
[DEBUG] field::process() type=16 step=0 units=5
[DEBUG] before get_message engLen=12
[DEBUG] after get_message, msgType=0x10, before Analyze
[DEBUG] Analyze: engType=16
[DEBUG] WaitforResponse: playerid=0 active_field=4
[DEBUG] WaitforResponseAfterRewrite: playerid=0 active_field=4
[DEBUG] after Analyze, stop=1
[DEBUG] set_active_field: 4->4 new game_field=0000000000E15AE0 temp_card=0000000000EFE5F0
[DEBUG] GetResponse ENTER: dp->type=0 active_field=4 len=4
[DEBUG] field::process() type=16 step=1 units=5
[DEBUG] field::process() type=31 step=3 units=4
[DEBUG] field::process() type=31 step=1 units=4
[DEBUG] field::process() type=31 step=2 units=4
[DEBUG] field::process() type=16 step=0 units=5
[DEBUG] before get_message engLen=12
[DEBUG] after get_message, msgType=0x10, before Analyze
[DEBUG] Analyze: engType=16
[DEBUG] WaitforResponse: playerid=1 active_field=4
[DEBUG] WaitforResponseAfterRewrite: playerid=1 active_field=4
[DEBUG] after Analyze, stop=1
[DEBUG] set_active_field: 4->4 new game_field=0000000000E15AE0 temp_card=0000000000EFE5F0
[DEBUG] GetResponse ENTER: dp->type=2 active_field=4 len=4
[DEBUG] field::process() type=16 step=1 units=5
[DEBUG] field::process() type=31 step=3 units=4
[DEBUG] field::process() type=30 step=10 units=3
[DEBUG] field::process() type=34 step=10 units=2
[DEBUG] field::process() type=1 step=0 units=3
[DEBUG] field::process() type=1 step=1 units=3
[DEBUG] field::process() type=1 step=2 units=3
[DEBUG] field::process() type=5 step=0 units=4
[DEBUG] field::process() type=5 step=1 units=4
[DEBUG] field::process() type=5 step=3 units=4
[DEBUG] field::process() type=5 step=5 units=4
[DEBUG] field::process() type=5 step=7 units=4
[DEBUG] field::process() type=1 step=3 units=3
[DEBUG] field::process() type=1 step=4 units=3
[DEBUG] field::process() type=1 step=5 units=3
[DEBUG] field::process() type=1 step=8 units=3
[DEBUG] field::process() type=1 step=9 units=3
[DEBUG] field::process() type=1 step=10 units=3
[DEBUG] field::process() type=1 step=11 units=3
[DEBUG] field::process() type=1 step=12 units=3
[DEBUG] field::process() type=1 step=13 units=3
[DEBUG] field::process() type=1 step=14 units=3
[DEBUG] field::process() type=1 step=15 units=3
[DEBUG] field::process() type=1 step=16 units=3
[DEBUG] field::process() type=34 step=11 units=2
[DEBUG] field::process() type=34 step=19 units=2
[DEBUG] field::process() type=1 step=0 units=3
[DEBUG] field::process() type=1 step=1 units=3
[DEBUG] field::process() type=1 step=2 units=3
[DEBUG] field::process() type=5 step=0 units=4
[DEBUG] field::process() type=5 step=1 units=4
[DEBUG] field::process() type=5 step=3 units=4
[DEBUG] field::process() type=5 step=5 units=4
[DEBUG] field::process() type=5 step=7 units=4
[DEBUG] field::process() type=1 step=3 units=3
[DEBUG] field::process() type=1 step=4 units=3
[DEBUG] field::process() type=1 step=5 units=3
[DEBUG] field::process() type=1 step=8 units=3
[DEBUG] field::process() type=1 step=9 units=3
[DEBUG] field::process() type=1 step=11 units=3
[DEBUG] field::process() type=1 step=12 units=3
[DEBUG] field::process() type=1 step=13 units=3
[DEBUG] field::process() type=1 step=14 units=3
[DEBUG] field::process() type=1 step=15 units=3
[DEBUG] field::process() type=1 step=16 units=3
[DEBUG] field::process() type=34 step=20 units=2
[DEBUG] before get_message engLen=15
[DEBUG] after get_message, msgType=0x71, before Analyze
[DEBUG] Analyze: engType=113
[DEBUG] Analyze: engType=2
[DEBUG] Analyze: engType=2
[DEBUG] after Analyze, stop=0
[DEBUG] field::process() type=30 step=0 units=3
[DEBUG] field::process() type=30 step=2 units=3
[DEBUG] field::process() type=30 step=3 units=3
[DEBUG] field::process() type=30 step=4 units=3
[DEBUG] field::process() type=30 step=6 units=3
[DEBUG] field::process() type=30 step=7 units=3
[DEBUG] field::process() type=30 step=8 units=3
[DEBUG] field::process() type=30 step=9 units=3
[DEBUG] field::process() type=31 step=0 units=4
[DEBUG] field::process() type=31 step=1 units=4
[DEBUG] field::process() type=31 step=2 units=4
[DEBUG] field::process() type=16 step=0 units=5
[DEBUG] before get_message engLen=12
[DEBUG] after get_message, msgType=0x10, before Analyze
[DEBUG] Analyze: engType=16
[DEBUG] WaitforResponse: playerid=0 active_field=4
[DEBUG] WaitforResponseAfterRewrite: playerid=0 active_field=4
[DEBUG] after Analyze, stop=1
[DEBUG] set_active_field: 4->4 new game_field=0000000000E15AE0 temp_card=0000000000EFE5F0
[DEBUG] GetResponse ENTER: dp->type=0 active_field=4 len=4
[DEBUG] field::process() type=16 step=1 units=5
[DEBUG] field::process() type=31 step=3 units=4
[DEBUG] field::process() type=31 step=1 units=4
[DEBUG] field::process() type=31 step=2 units=4
[DEBUG] field::process() type=16 step=0 units=5
[DEBUG] before get_message engLen=12
[DEBUG] after get_message, msgType=0x10, before Analyze
[DEBUG] Analyze: engType=16
[DEBUG] WaitforResponse: playerid=1 active_field=4
[DEBUG] WaitforResponseAfterRewrite: playerid=1 active_field=4
[DEBUG] after Analyze, stop=1
[DEBUG] set_active_field: 4->4 new game_field=0000000000E15AE0 temp_card=0000000000EFE5F0
[DEBUG] GetResponse ENTER: dp->type=2 active_field=4 len=4
[DEBUG] field::process() type=16 step=1 units=5
[DEBUG] field::process() type=31 step=3 units=4
[DEBUG] field::process() type=30 step=10 units=3
[DEBUG] field::process() type=34 step=21 units=2
[DEBUG] field::process() type=34 step=22 units=2
[DEBUG] before get_message engLen=14
[DEBUG] after get_message, msgType=0x2, before Analyze
[DEBUG] Analyze: engType=2
[DEBUG] Analyze: engType=2
[DEBUG] after Analyze, stop=0
[DEBUG] field::process() type=30 step=0 units=3
[DEBUG] field::process() type=30 step=2 units=3
[DEBUG] field::process() type=30 step=3 units=3
[DEBUG] field::process() type=30 step=4 units=3
[DEBUG] field::process() type=30 step=6 units=3
[DEBUG] field::process() type=30 step=7 units=3
[DEBUG] field::process() type=30 step=8 units=3
[DEBUG] field::process() type=30 step=9 units=3
[DEBUG] field::process() type=31 step=0 units=4
[DEBUG] field::process() type=31 step=1 units=4
[DEBUG] field::process() type=31 step=2 units=4
[DEBUG] field::process() type=16 step=0 units=5
[DEBUG] before get_message engLen=12
[DEBUG] after get_message, msgType=0x10, before Analyze
[DEBUG] Analyze: engType=16
[DEBUG] WaitforResponse: playerid=0 active_field=4
[DEBUG] WaitforResponseAfterRewrite: playerid=0 active_field=4
[DEBUG] after Analyze, stop=1
[DEBUG] set_active_field: 4->4 new game_field=0000000000E15AE0 temp_card=0000000000EFE5F0
[DEBUG] GetResponse ENTER: dp->type=0 active_field=4 len=4
[DEBUG] field::process() type=16 step=1 units=5
[DEBUG] field::process() type=31 step=3 units=4
[DEBUG] field::process() type=31 step=1 units=4
[DEBUG] field::process() type=31 step=2 units=4
[DEBUG] field::process() type=16 step=0 units=5
[DEBUG] before get_message engLen=12
[DEBUG] after get_message, msgType=0x10, before Analyze
[DEBUG] Analyze: engType=16
[DEBUG] WaitforResponse: playerid=1 active_field=4
[DEBUG] WaitforResponseAfterRewrite: playerid=1 active_field=4
[DEBUG] after Analyze, stop=1
[DEBUG] set_active_field: 4->4 new game_field=0000000000E15AE0 temp_card=0000000000EFE5F0
[DEBUG] GetResponse ENTER: dp->type=2 active_field=4 len=4
[DEBUG] field::process() type=16 step=1 units=5
[DEBUG] field::process() type=31 step=3 units=4
[DEBUG] field::process() type=30 step=10 units=3
[DEBUG] field::process() type=34 step=23 units=2
[DEBUG] field::process() type=1 step=0 units=3
[DEBUG] field::process() type=1 step=1 units=3
[DEBUG] field::process() type=1 step=2 units=3
[DEBUG] field::process() type=5 step=0 units=4
[DEBUG] field::process() type=5 step=1 units=4
[DEBUG] field::process() type=5 step=3 units=4
[DEBUG] field::process() type=5 step=5 units=4
[DEBUG] field::process() type=5 step=7 units=4
[DEBUG] field::process() type=1 step=3 units=3
[DEBUG] field::process() type=1 step=4 units=3
[DEBUG] field::process() type=1 step=5 units=3
[DEBUG] field::process() type=1 step=8 units=3
[DEBUG] field::process() type=1 step=9 units=3
[DEBUG] field::process() type=1 step=11 units=3
[DEBUG] field::process() type=1 step=12 units=3
[DEBUG] field::process() type=1 step=13 units=3
[DEBUG] field::process() type=1 step=14 units=3
[DEBUG] field::process() type=1 step=15 units=3
[DEBUG] field::process() type=1 step=16 units=3
[DEBUG] field::process() type=34 step=24 units=2
[DEBUG] before get_message engLen=14
[DEBUG] after get_message, msgType=0x2, before Analyze
[DEBUG] Analyze: engType=2
[DEBUG] Analyze: engType=2
[DEBUG] after Analyze, stop=0
[DEBUG] field::process() type=30 step=0 units=3
[DEBUG] field::process() type=30 step=2 units=3
[DEBUG] field::process() type=30 step=3 units=3
[DEBUG] field::process() type=30 step=4 units=3
[DEBUG] field::process() type=30 step=6 units=3
[DEBUG] field::process() type=30 step=7 units=3
[DEBUG] field::process() type=30 step=8 units=3
[DEBUG] field::process() type=30 step=9 units=3
[DEBUG] field::process() type=31 step=0 units=4
[DEBUG] field::process() type=31 step=1 units=4
[DEBUG] field::process() type=31 step=2 units=4
[DEBUG] field::process() type=16 step=0 units=5
[DEBUG] before get_message engLen=12
[DEBUG] after get_message, msgType=0x10, before Analyze
[DEBUG] Analyze: engType=16
[DEBUG] WaitforResponse: playerid=0 active_field=4
[DEBUG] WaitforResponseAfterRewrite: playerid=0 active_field=4
[DEBUG] after Analyze, stop=1
[DEBUG] set_active_field: 4->4 new game_field=0000000000E15AE0 temp_card=0000000000EFE5F0
[DEBUG] GetResponse ENTER: dp->type=0 active_field=4 len=4
[DEBUG] field::process() type=16 step=1 units=5
[DEBUG] field::process() type=31 step=3 units=4
[DEBUG] field::process() type=31 step=1 units=4
[DEBUG] field::process() type=31 step=2 units=4
[DEBUG] field::process() type=16 step=0 units=5
[DEBUG] before get_message engLen=12
[DEBUG] after get_message, msgType=0x10, before Analyze
[DEBUG] Analyze: engType=16
[DEBUG] WaitforResponse: playerid=1 active_field=4
[DEBUG] WaitforResponseAfterRewrite: playerid=1 active_field=4
[DEBUG] after Analyze, stop=1
[DEBUG] set_active_field: 4->4 new game_field=0000000000E15AE0 temp_card=0000000000EFE5F0
[DEBUG] GetResponse ENTER: dp->type=2 active_field=4 len=4
[DEBUG] field::process() type=16 step=1 units=5
[DEBUG] field::process() type=31 step=3 units=4
[DEBUG] field::process() type=30 step=10 units=3
[DEBUG] field::process() type=34 step=25 units=2
[DEBUG] field::process() type=34 step=26 units=2
[DEBUG] before get_message engLen=27
[DEBUG] after get_message, msgType=0x6f, before Analyze
[DEBUG] Analyze: engType=111
[DEBUG] after Analyze, stop=0
[DEBUG] field::process() type=34 step=27 units=2
[DEBUG] field::process() type=71 step=0 units=4
[DEBUG] field::process() type=71 step=1 units=4
[DEBUG] before get_message engLen=6
[DEBUG] after get_message, msgType=0x5b, before Analyze
[DEBUG] Analyze: engType=91
[DEBUG] after Analyze, stop=0
[DEBUG] field::process() type=71 step=2 units=4
[DEBUG] field::process() type=1 step=0 units=3
[DEBUG] field::process() type=1 step=1 units=3
[DEBUG] field::process() type=1 step=2 units=3
[DEBUG] field::process() type=5 step=0 units=4
[DEBUG] field::process() type=5 step=1 units=4
[DEBUG] field::process() type=5 step=3 units=4
[DEBUG] field::process() type=5 step=5 units=4
[DEBUG] field::process() type=5 step=7 units=4
[DEBUG] field::process() type=1 step=3 units=3
[DEBUG] field::process() type=1 step=4 units=3
[DEBUG] field::process() type=1 step=5 units=3
[DEBUG] field::process() type=1 step=8 units=3
[DEBUG] field::process() type=1 step=9 units=3
[DEBUG] field::process() type=1 step=11 units=3
[DEBUG] field::process() type=1 step=12 units=3
[DEBUG] field::process() type=1 step=13 units=3
[DEBUG] field::process() type=1 step=14 units=3
[DEBUG] field::process() type=1 step=15 units=3
[DEBUG] field::process() type=1 step=16 units=3
[DEBUG] field::process() type=34 step=28 units=2
[DEBUG] field::process() type=50 step=10 units=3
[DEBUG] field::process() type=50 step=11 units=3
[DEBUG] field::process() type=56 step=0 units=4
[DEBUG] field::process() type=50 step=12 units=3
[DEBUG] field::process() type=34 step=29 units=2
[DEBUG] field::process() type=1 step=0 units=3
[DEBUG] field::process() type=1 step=1 units=3
[DEBUG] field::process() type=1 step=2 units=3
[DEBUG] field::process() type=5 step=0 units=4
[DEBUG] field::process() type=5 step=1 units=4
[DEBUG] field::process() type=5 step=3 units=4
[DEBUG] field::process() type=5 step=5 units=4
[DEBUG] field::process() type=5 step=7 units=4
[DEBUG] field::process() type=1 step=3 units=3
[DEBUG] field::process() type=1 step=4 units=3
[DEBUG] field::process() type=1 step=5 units=3
[DEBUG] field::process() type=1 step=8 units=3
[DEBUG] field::process() type=1 step=9 units=3
[DEBUG] field::process() type=1 step=11 units=3
[DEBUG] field::process() type=1 step=12 units=3
[DEBUG] field::process() type=1 step=13 units=3
[DEBUG] field::process() type=1 step=14 units=3
[DEBUG] field::process() type=1 step=15 units=3
[DEBUG] field::process() type=1 step=16 units=3
[DEBUG] field::process() type=34 step=30 units=2
[DEBUG] field::process() type=1 step=0 units=3
[DEBUG] field::process() type=1 step=1 units=3
[DEBUG] field::process() type=1 step=2 units=3
[DEBUG] field::process() type=5 step=0 units=4
[DEBUG] field::process() type=5 step=1 units=4
[DEBUG] field::process() type=5 step=3 units=4
[DEBUG] field::process() type=5 step=5 units=4
[DEBUG] field::process() type=5 step=7 units=4
[DEBUG] field::process() type=1 step=3 units=3
[DEBUG] field::process() type=1 step=4 units=3
[DEBUG] field::process() type=1 step=5 units=3
[DEBUG] field::process() type=1 step=8 units=3
[DEBUG] field::process() type=1 step=9 units=3
[DEBUG] field::process() type=1 step=10 units=3
[DEBUG] field::process() type=1 step=11 units=3
[DEBUG] field::process() type=1 step=12 units=3
[DEBUG] field::process() type=1 step=13 units=3
[DEBUG] field::process() type=1 step=14 units=3
[DEBUG] field::process() type=1 step=15 units=3
[DEBUG] field::process() type=1 step=16 units=3
[DEBUG] field::process() type=34 step=31 units=2
[DEBUG] before get_message engLen=14
[DEBUG] after get_message, msgType=0x2, before Analyze
[DEBUG] Analyze: engType=2
[DEBUG] Analyze: engType=2
[DEBUG] after Analyze, stop=0
[DEBUG] field::process() type=30 step=0 units=3
[DEBUG] field::process() type=30 step=2 units=3
[DEBUG] field::process() type=30 step=3 units=3
[DEBUG] field::process() type=30 step=4 units=3
[DEBUG] field::process() type=30 step=6 units=3
[DEBUG] field::process() type=30 step=7 units=3
[DEBUG] field::process() type=30 step=8 units=3
[DEBUG] field::process() type=30 step=9 units=3
[DEBUG] field::process() type=31 step=0 units=4
[DEBUG] field::process() type=31 step=1 units=4
[DEBUG] field::process() type=31 step=2 units=4
[DEBUG] field::process() type=16 step=0 units=5
[DEBUG] before get_message engLen=12
[DEBUG] after get_message, msgType=0x10, before Analyze
[DEBUG] Analyze: engType=16
[DEBUG] WaitforResponse: playerid=0 active_field=4
[DEBUG] WaitforResponseAfterRewrite: playerid=0 active_field=4
[DEBUG] after Analyze, stop=1
[DEBUG] set_active_field: 4->4 new game_field=0000000000E15AE0 temp_card=0000000000EFE5F0
[DEBUG] GetResponse ENTER: dp->type=0 active_field=4 len=4
[DEBUG] field::process() type=16 step=1 units=5
[DEBUG] field::process() type=31 step=3 units=4
[DEBUG] field::process() type=31 step=1 units=4
[DEBUG] field::process() type=31 step=2 units=4
[DEBUG] field::process() type=16 step=0 units=5
[DEBUG] before get_message engLen=12
[DEBUG] after get_message, msgType=0x10, before Analyze
[DEBUG] Analyze: engType=16
[DEBUG] WaitforResponse: playerid=1 active_field=4
[DEBUG] WaitforResponseAfterRewrite: playerid=1 active_field=4
[DEBUG] after Analyze, stop=1
[DEBUG] set_active_field: 4->4 new game_field=0000000000E15AE0 temp_card=0000000000EFE5F0
[DEBUG] GetResponse ENTER: dp->type=2 active_field=4 len=4
[DEBUG] field::process() type=16 step=1 units=5
[DEBUG] field::process() type=31 step=3 units=4
[DEBUG] field::process() type=30 step=10 units=3
[DEBUG] field::process() type=34 step=33 units=2
[DEBUG] field::process() type=50 step=3 units=4
[DEBUG] field::process() type=50 step=4 units=4
[DEBUG] field::process() type=52 step=1 units=5
[DEBUG] field::process() type=58 step=0 units=6
[DEBUG] field::process() type=52 step=2 units=5
[DEBUG] field::process() type=52 step=3 units=5
[DEBUG] field::process() type=52 step=4 units=5
[DEBUG] field::process() type=52 step=5 units=5
[DEBUG] field::process() type=52 step=6 units=5
[DEBUG] before get_message engLen=17
[DEBUG] after get_message, msgType=0x32, before Analyze
[DEBUG] Analyze: engType=50
[DEBUG] MSG_MOVE: cc=0 pc=0 cl=16 pl=4 active_field=4 IsBattleField=1
[DEBUG] after Analyze, stop=0
[DEBUG] field::process() type=52 step=5 units=5
[DEBUG] field::process() type=52 step=9 units=5
[DEBUG] field::process() type=52 step=10 units=5
[DEBUG] field::process() type=52 step=11 units=5
[DEBUG] field::process() type=50 step=5 units=4
[DEBUG] field::process() type=1 step=0 units=3
[DEBUG] field::process() type=1 step=1 units=3
[DEBUG] field::process() type=1 step=2 units=3
[DEBUG] field::process() type=5 step=0 units=4
[DEBUG] field::process() type=5 step=1 units=4
[DEBUG] field::process() type=5 step=3 units=4
[DEBUG] field::process() type=5 step=5 units=4
[DEBUG] field::process() type=5 step=7 units=4
[DEBUG] field::process() type=1 step=3 units=3
[DEBUG] field::process() type=1 step=4 units=3
[DEBUG] field::process() type=1 step=5 units=3
[DEBUG] field::process() type=1 step=8 units=3
[DEBUG] field::process() type=1 step=9 units=3
[DEBUG] field::process() type=1 step=10 units=3
[DEBUG] field::process() type=1 step=11 units=3
[DEBUG] field::process() type=1 step=12 units=3
[DEBUG] field::process() type=1 step=13 units=3
[DEBUG] field::process() type=1 step=14 units=3
[DEBUG] field::process() type=1 step=15 units=3
[DEBUG] field::process() type=1 step=16 units=3
[DEBUG] field::process() type=34 step=34 units=2
[DEBUG] before get_message engLen=14
[DEBUG] after get_message, msgType=0x2, before Analyze
[DEBUG] Analyze: engType=2
[DEBUG] Analyze: engType=2
[DEBUG] after Analyze, stop=0
[DEBUG] field::process() type=30 step=0 units=3
[DEBUG] field::process() type=30 step=2 units=3
[DEBUG] field::process() type=30 step=3 units=3
[DEBUG] field::process() type=30 step=4 units=3
[DEBUG] field::process() type=30 step=6 units=3
[DEBUG] field::process() type=30 step=7 units=3
[DEBUG] field::process() type=30 step=8 units=3
[DEBUG] field::process() type=30 step=9 units=3
[DEBUG] field::process() type=31 step=0 units=4
[DEBUG] field::process() type=31 step=1 units=4
[DEBUG] field::process() type=31 step=2 units=4
[DEBUG] field::process() type=16 step=0 units=5
[DEBUG] before get_message engLen=12
[DEBUG] after get_message, msgType=0x10, before Analyze
[DEBUG] Analyze: engType=16
[DEBUG] WaitforResponse: playerid=0 active_field=4
[DEBUG] WaitforResponseAfterRewrite: playerid=0 active_field=4
[DEBUG] after Analyze, stop=1
[DEBUG] set_active_field: 4->4 new game_field=0000000000E15AE0 temp_card=0000000000EFE5F0
[DEBUG] GetResponse ENTER: dp->type=0 active_field=4 len=4
[DEBUG] field::process() type=16 step=1 units=5
[DEBUG] field::process() type=31 step=3 units=4
[DEBUG] field::process() type=31 step=1 units=4
[DEBUG] field::process() type=31 step=2 units=4
[DEBUG] field::process() type=16 step=0 units=5
[DEBUG] before get_message engLen=12
[DEBUG] after get_message, msgType=0x10, before Analyze
[DEBUG] Analyze: engType=16
[DEBUG] WaitforResponse: playerid=1 active_field=4
[DEBUG] WaitforResponseAfterRewrite: playerid=1 active_field=4
[DEBUG] after Analyze, stop=1
[DEBUG] set_active_field: 4->4 new game_field=0000000000E15AE0 temp_card=0000000000EFE5F0
[DEBUG] GetResponse ENTER: dp->type=2 active_field=4 len=4
[DEBUG] field::process() type=16 step=1 units=5
[DEBUG] field::process() type=31 step=3 units=4
[DEBUG] field::process() type=30 step=10 units=3
[DEBUG] field::process() type=34 step=39 units=2
[DEBUG] before get_message engLen=1
[DEBUG] after get_message, msgType=0x72, before Analyze
[DEBUG] Analyze: engType=114
[DEBUG] after Analyze, stop=0
[DEBUG] field::process() type=1 step=0 units=3
[DEBUG] field::process() type=1 step=1 units=3
[DEBUG] field::process() type=1 step=2 units=3
[DEBUG] field::process() type=5 step=0 units=4
[DEBUG] field::process() type=5 step=1 units=4
[DEBUG] field::process() type=5 step=3 units=4
[DEBUG] field::process() type=5 step=5 units=4
[DEBUG] field::process() type=5 step=7 units=4
[DEBUG] field::process() type=1 step=3 units=3
[DEBUG] field::process() type=1 step=4 units=3
[DEBUG] field::process() type=1 step=5 units=3
[DEBUG] field::process() type=1 step=8 units=3
[DEBUG] field::process() type=1 step=9 units=3
[DEBUG] field::process() type=1 step=10 units=3
[DEBUG] field::process() type=1 step=11 units=3
[DEBUG] field::process() type=1 step=12 units=3
[DEBUG] field::process() type=1 step=13 units=3
[DEBUG] field::process() type=1 step=14 units=3
[DEBUG] field::process() type=1 step=15 units=3
[DEBUG] field::process() type=1 step=16 units=3
[DEBUG] field::process() type=34 step=0 units=2
[DEBUG] field::process() type=12 step=0 units=3
[DEBUG] before get_message engLen=6
[DEBUG] after get_message, msgType=0xa, before Analyze
[DEBUG] Analyze: engType=10
[DEBUG] WaitforResponse: playerid=0 active_field=4
[DEBUG] WaitforResponseAfterRewrite: playerid=0 active_field=4
[DEBUG] after Analyze, stop=1
[DEBUG] 有人投降了 玩家id=1 所属场地的玩家id=0
[DEBUG] field::process() type=12 step=1 units=3
[DEBUG] field::process() type=12 step=0 units=3
[DEBUG] field::process() type=34 step=1 units=2
[DEBUG] before get_message engLen=7
[DEBUG] after get_message, msgType=0x2, before Analyze
[DEBUG] Analyze: engType=2
[DEBUG] after Analyze, stop=0
[DEBUG] field::process() type=31 step=0 units=3
[DEBUG] field::process() type=31 step=1 units=3
[DEBUG] field::process() type=31 step=2 units=3
[DEBUG] field::process() type=16 step=0 units=4
[DEBUG] before get_message engLen=12
[DEBUG] after get_message, msgType=0x10, before Analyze
[DEBUG] Analyze: engType=16
[DEBUG] WaitforResponse: playerid=1 active_field=4
[DEBUG] WaitforResponseAfterRewrite: playerid=1 active_field=4
[DEBUG] after Analyze, stop=1
[DEBUG] set_active_field: 4->4 new game_field=0000000000E15AE0 temp_card=0000000000EFE5F0
[DEBUG] GetResponse ENTER: dp->type=2 active_field=4 len=4
[DEBUG] field::process() type=16 step=1 units=4
[DEBUG] field::process() type=31 step=3 units=3
[DEBUG] field::process() type=34 step=40 units=2
[DEBUG] field::process() type=1 step=0 units=3
[DEBUG] field::process() type=1 step=1 units=3
[DEBUG] field::process() type=1 step=2 units=3
[DEBUG] field::process() type=5 step=0 units=4
[DEBUG] field::process() type=5 step=1 units=4
[DEBUG] field::process() type=5 step=3 units=4
[DEBUG] field::process() type=5 step=5 units=4
[DEBUG] field::process() type=5 step=7 units=4
[DEBUG] field::process() type=1 step=3 units=3
[DEBUG] field::process() type=1 step=4 units=3
[DEBUG] field::process() type=1 step=5 units=3
[DEBUG] field::process() type=1 step=8 units=3
[DEBUG] field::process() type=1 step=9 units=3
[DEBUG] field::process() type=1 step=10 units=3
[DEBUG] field::process() type=1 step=11 units=3
[DEBUG] field::process() type=1 step=12 units=3
[DEBUG] field::process() type=1 step=13 units=3
[DEBUG] field::process() type=1 step=14 units=3
[DEBUG] field::process() type=1 step=15 units=3
[DEBUG] field::process() type=1 step=16 units=3
[DEBUG] field::process() type=34 step=41 units=2
[DEBUG] field::process() type=33 step=0 units=4
[DEBUG] field::process() type=33 step=2 units=4
[DEBUG] field::process() type=33 step=0 units=4
[DEBUG] field::process() type=33 step=2 units=4
[DEBUG] field::process() type=33 step=20 units=4
[DEBUG] field::process() type=33 step=25 units=4
[DEBUG] field::process() type=1 step=0 units=5
[DEBUG] field::process() type=1 step=1 units=5
[DEBUG] field::process() type=1 step=2 units=5
[DEBUG] field::process() type=5 step=0 units=6
[DEBUG] field::process() type=5 step=1 units=6
[DEBUG] field::process() type=5 step=3 units=6
[DEBUG] field::process() type=5 step=5 units=6
[DEBUG] field::process() type=5 step=7 units=6
[DEBUG] field::process() type=1 step=3 units=5
[DEBUG] field::process() type=1 step=4 units=5
[DEBUG] field::process() type=1 step=5 units=5
[DEBUG] field::process() type=1 step=8 units=5
[DEBUG] field::process() type=1 step=9 units=5
[DEBUG] field::process() type=1 step=10 units=5
[DEBUG] field::process() type=1 step=11 units=5
[DEBUG] field::process() type=1 step=12 units=5
[DEBUG] field::process() type=1 step=13 units=5
[DEBUG] field::process() type=1 step=14 units=5
[DEBUG] field::process() type=1 step=15 units=5
[DEBUG] field::process() type=1 step=16 units=5
[DEBUG] field::process() type=33 step=26 units=4
[DEBUG] field::process() type=1 step=0 units=3
[DEBUG] field::process() type=1 step=1 units=3
[DEBUG] field::process() type=1 step=2 units=3
[DEBUG] field::process() type=5 step=0 units=4
[DEBUG] field::process() type=5 step=1 units=4
[DEBUG] field::process() type=5 step=3 units=4
[DEBUG] field::process() type=5 step=5 units=4
[DEBUG] field::process() type=5 step=7 units=4
[DEBUG] field::process() type=1 step=3 units=3
[DEBUG] field::process() type=1 step=4 units=3
[DEBUG] field::process() type=1 step=5 units=3
[DEBUG] field::process() type=1 step=8 units=3
[DEBUG] field::process() type=1 step=9 units=3
[DEBUG] field::process() type=1 step=10 units=3
[DEBUG] field::process() type=1 step=11 units=3
[DEBUG] field::process() type=1 step=12 units=3
[DEBUG] field::process() type=1 step=13 units=3
[DEBUG] field::process() type=1 step=14 units=3
[DEBUG] field::process() type=1 step=15 units=3
[DEBUG] field::process() type=1 step=16 units=3
[DEBUG] field::process() type=34 step=42 units=2
[DEBUG] field::process() type=3 step=12 units=1
[DEBUG] before get_message engLen=1
[DEBUG] after get_message, msgType=0x2b, before Analyze
[DEBUG] Analyze: engType=43
[DEBUG] after Analyze, stop=1
